car,model,year,body part,shop1,shop2,shop3,source
camry,camry,2018,car boot,508,1400,1413.5,kaggle
camry,camry,2018,car hood,501,1455,2309.83,kaggle
camry,camry,2018,driver door(f/r),1149,1500,2679,kaggle
camry,camry,2018,fender (f/l),275,1000,1025.8,kaggle
camry,camry,2018,fender (f/r),250,1000,1025.8,kaggle
camry,camry,2018,fender (r/l),275,1350,995,kaggle
camry,camry,2018,fender (r/r),250,1350,995,kaggle
camry,camry,2018,front bumper,275,350,1368.5,kaggle
camry,camry,2018,headlight (l),599,750,2750,kaggle
camry,camry,2018,headlight (r),599,750,2750,kaggle
camry,camry,2018,passenger door (f/l),890,2200,2679,kaggle
camry,camry,2018,passenger door (r/l),960,1800,1717.95,kaggle
camry,camry,2018,passenger door (r/r),960,1800,"1717,95",kaggle
camry,camry,2018,rear bumper,225,600,1390.35,kaggle
camry,camry,2018,rear light (l),213,150,1096,kaggle
camry,camry,2018,rear light (r),213,150,1096,kaggle
camry,camry,2018,side bumper(l),,650,890,kaggle
camry,camry,2018,side bumper(r),null ,650,890,kaggle
camry,camry,2019,car boot,890,1705,2794.67,kaggle
camry,camry,2019,car hood,501,1224,1569,kaggle
camry,camry,2019,driver door(f/r),1100,1030,2785.51,kaggle
camry,camry,2019,fender (f/l),275,477,1231.65,kaggle
camry,camry,2019,fender (f/r),250,477,1231.65,kaggle
camry,camry,2019,fender (r/l),275,477,1086.76,kaggle
camry,camry,2019,fender (r/r),250,477,1086.76,kaggle
camry,camry,2019,front bumper,275,530,1299.5,kaggle
camry,camry,2019,headlight (l),599,450,2750,kaggle
camry,camry,2019,headlight (r),599,450,2750,kaggle
camry,camry,2019,passenger door (f/l),1050,1030,2785.51,kaggle
camry,camry,2019,passenger door (r/l),890,1030,2785.51,kaggle
camry,camry,2019,passenger door (r/r),890,1030,2785.51,kaggle
camry,camry,2019,rear bumper,225,640,1390.35,kaggle
camry,camry,2019,rear light (l),239,1200,1096,kaggle
camry,camry,2019,rear light (r),239,1200,1096,kaggle
camry,camry,2019,side bumper(l),215,670,890,kaggle
camry,camry,2019,side bumper(r),215,670,890,kaggle
camry,camry,2020,car boot,1790,1705,2717.45,kaggle
camry,camry,2020,car hood,1630,1224,2797.67,kaggle
camry,camry,2020,driver door(f/r),1110,3495,3285.38,kaggle
camry,camry,2020,fender (f/l),275,340,1025.8,kaggle
camry,camry,2020,fender (f/r),250,340,1025.8,kaggle
camry,camry,2020,fender (r/l),275,340,995,kaggle
camry,camry,2020,fender (r/r),250,340,995,kaggle
camry,camry,2020,front bumper,620,1030,1299.5,kaggle
camry,camry,2020,headlight (l),599,450,2750,kaggle
camry,camry,2020,headlight (r),599,450,2750,kaggle
camry,camry,2020,passenger door (f/l),2900,3853,2758.51,kaggle
camry,camry,2020,passenger door (r/l),1600,1637,2758.51,kaggle
camry,camry,2020,passenger door (r/r),1800,1810,2758.51,kaggle
camry,camry,2020,rear bumper,950,790,1390.35,kaggle
camry,camry,2020,rear light (l),790,1900,1096,kaggle
camry,camry,2020,rear light (r),790,1900,1096,kaggle
camry,camry,2020,side bumper(l),450,215,890,kaggle
camry,camry,2020,side bumper(r),450,215,890,kaggle
camry,camry,2021,car boot,2200,1705,2794.67,kaggle
camry,camry,2021,car hood,1630,1224,2309.83,kaggle
camry,camry,2021,driver door(f/r),1480,3459,3285.38,kaggle
camry,camry,2021,fender (f/l),650,477,1025.8,kaggle
camry,camry,2021,fender (f/r),720,477,1025.8,kaggle
camry,camry,2021,fender (r/l),650,477,1170.7,kaggle
camry,camry,2021,fender (r/r),720,477,1170.7,kaggle
camry,camry,2021,front bumper,670,800,1299.5,kaggle
camry,camry,2021,headlight (l),920,815,4109,kaggle
camry,camry,2021,headlight (r),920,815,4109,kaggle
camry,camry,2021,passenger door (f/l),2800,3459,2758.51,kaggle
camry,camry,2021,passenger door (r/l),1800,3852,2758.51,kaggle
camry,camry,2021,passenger door (r/r),1600,1637,2758.51,kaggle
camry,camry,2021,rear bumper,890,890,1390.35,kaggle
camry,camry,2021,rear light (l),1200,2800,4626,kaggle
camry,camry,2021,rear light (r),1200,2800,4626,kaggle
camry,camry,2021,side bumper(l),null  ,450,680,kaggle
camry,camry,2021,side bumper(r),null  ,450,680,kaggle
camry,camry,2022,car boot,2389,3590,5797.55,kaggle
camry,camry,2022,car hood,1630,1064,2677.37,kaggle
camry,camry,2022,driver door(f/r),2750,3853,2280.51,kaggle
camry,camry,2022,fender (f/l),484.84,610,1025.8,kaggle
camry,camry,2022,fender (f/r),484.84,610,1025.8,kaggle
camry,camry,2022,fender (r/l),484.84,834,1206.24,kaggle
camry,camry,2022,fender (r/r),484.84,834,1206.24,kaggle
camry,camry,2022,front bumper,760,930,1299.5,kaggle
camry,camry,2022,headlight (l),853,815,2209.15,kaggle
camry,camry,2022,headlight (r),853,815,2209.15,kaggle
camry,camry,2022,passenger door (f/l),1698,1500,2280.51,kaggle
camry,camry,2022,passenger door (r/l),1698,1500,2280.51,kaggle
camry,camry,2022,passenger door (r/r),1698,1500,2280.51,kaggle
camry,camry,2022,rear bumper,839,1493,1390.35,kaggle
camry,camry,2022,rear light (l),830,816,2897,kaggle
camry,camry,2022,rear light (r),830,816,2897,kaggle
camry,camry,2022,side bumper(l),null  ,450,680,kaggle
camry,camry,2022,side bumper(r),null  ,450,680,kaggle
camry,camry,2023,car boot,2800,2350,5797.55,kaggle
camry,camry,2023,car hood,1630,1060,3797.59,kaggle
camry,camry,2023,driver door(f/r),1900,3000,2280,kaggle
camry,camry,2023,fender (f/l),875,834,1025.8,kaggle
camry,camry,2023,fender (f/r),650,834,1025.8,kaggle
camry,camry,2023,fender (r/l),875,834,1260,kaggle
camry,camry,2023,fender (r/r),650,843,1260,kaggle
camry,camry,2023,front bumper,620,590,1860,kaggle
camry,camry,2023,headlight (l),930,1890,4710,kaggle
camry,camry,2023,headlight (r),930,1890,4710,kaggle
camry,camry,2023,passenger door (f/l),1800,2800,2280,kaggle
camry,camry,2023,passenger door (r/l),1800,2800,2280,kaggle
camry,camry,2023,passenger door (r/r),1800,2800,2280,kaggle
camry,camry,2023,rear bumper,750,1080,1390.35,kaggle
camry,camry,2023,rear light (l),1200,2800,4626,kaggle
camry,camry,2023,rear light (r),1200,2800,4626,kaggle
camry,camry,2023,side bumper(l),null  ,215,560,kaggle
camry,camry,2023,side bumper(r),null  ,215,560,kaggle
camry,camry,2024,car boot,1630,1705,3101,kaggle
camry,camry,2024,car hood,2300,1224,4532,kaggle
camry,camry,2024,driver door(f/r),5100,3853,4200,kaggle
camry,camry,2024,fender (f/l),650,715,1301,kaggle
camry,camry,2024,fender (f/r),875,887,1613,kaggle
camry,camry,2024,fender (r/l),650,1890,2900,kaggle
camry,camry,2024,fender (r/r),950,1700,2900,kaggle
camry,camry,2024,front bumper,650,1230,1484.13,kaggle
camry,camry,2024,headlight (l),2300,2500,3400,kaggle
camry,camry,2024,headlight (r),2300,2500,3400,kaggle
camry,camry,2024,passenger door (f/l),6200,3459,3330,kaggle
camry,camry,2024,passenger door (r/l),1800,1800,3800,kaggle
camry,camry,2024,passenger door (r/r),1940,3800,3380,kaggle
camry,camry,2024,rear bumper,890,900,918,kaggle
camry,camry,2024,rear light (l),1633,2800,4626,kaggle
camry,camry,2024,rear light (r),1633,2800,4626,kaggle
camry,camry,2024,side bumper(l),null  ,450,680,kaggle
camry,camry,2024,side bumper(r),null  ,450,680,kaggle
elantra,elantra,2018,car boot,1900,1000,2532.7,kaggle
elantra,elantra,2018,car hood,382,1200,2409.54,kaggle
elantra,elantra,2018,driver door(f/r),1200,1350,1750.7,kaggle
elantra,elantra,2018,fender (f/l),600,550,869.19,kaggle
elantra,elantra,2018,fender (f/r),600,580,869.19,kaggle
elantra,elantra,2018,fender (r/l),600,800,2809.4,kaggle
elantra,elantra,2018,fender (r/r),600,800,2809.4,kaggle
elantra,elantra,2018,front bumper,206,850,972.61,kaggle
elantra,elantra,2018,headlight (l),300,230,1696.25,kaggle
elantra,elantra,2018,headlight (r),276,230,1696.25,kaggle
elantra,elantra,2018,passenger door (f/l),1200,1100,1750.7,kaggle
elantra,elantra,2018,passenger door (r/l),1200,1100,3237,kaggle
elantra,elantra,2018,passenger door (r/r),1200,1800,3237,kaggle
elantra,elantra,2018,rear bumper,239,900,1265,kaggle
elantra,elantra,2018,rear light (l),301,117,582,kaggle
elantra,elantra,2018,rear light (r),276,117,480,kaggle
elantra,elantra,2018,side bumper(l),null  ,450,680,kaggle
elantra,elantra,2018,side bumper(r),null  ,450,680,kaggle
elantra,elantra,2019,car boot,1554,1100,2532.7,kaggle
elantra,elantra,2019,car hood,436,1200,1945.23,kaggle
elantra,elantra,2019,driver door(f/r),1200,1350,1750.7,kaggle
elantra,elantra,2019,fender (f/l),188,550,2500,kaggle
elantra,elantra,2019,fender (f/r),380,580,2500,kaggle
elantra,elantra,2019,fender (r/l),188,550,2232.15,kaggle
elantra,elantra,2019,fender (r/r),480,580,2232.15,kaggle
elantra,elantra,2019,front bumper,153,850,1143,kaggle
elantra,elantra,2019,headlight (l),460,1200,3409.5,kaggle
elantra,elantra,2019,headlight (r),460,1200,3409.5,kaggle
elantra,elantra,2019,passenger door (f/l),1100,1000,1750.7,kaggle
elantra,elantra,2019,passenger door (r/l),1100,1780,2800,kaggle
elantra,elantra,2019,passenger door (r/r),1100,1780,2800,kaggle
elantra,elantra,2019,rear bumper,239,600,1414.5,kaggle
elantra,elantra,2019,rear light (l),280,120,1298,kaggle
elantra,elantra,2019,rear light (r),176,120,1298,kaggle
elantra,elantra,2019,side bumper(l),null  ,450,680,kaggle
elantra,elantra,2019,side bumper(r),null  ,450,680,kaggle
elantra,elantra,2020,car boot,1554,1200,2532.7,kaggle
elantra,elantra,2020,car hood,436,1100,1945.23,kaggle
elantra,elantra,2020,driver door(f/r),1400,1350,3568.27,kaggle
elantra,elantra,2020,fender (f/l),188,550,1955,kaggle
elantra,elantra,2020,fender (f/r),480,580,1955,kaggle
elantra,elantra,2020,fender (r/l),859,288,2807,kaggle
elantra,elantra,2020,fender (r/r),850,288,2807,kaggle
elantra,elantra,2020,front bumper,153,283,1143,kaggle
elantra,elantra,2020,headlight (l),460,320,2385.57,kaggle
elantra,elantra,2020,headlight (r),460,320,2385.57,kaggle
elantra,elantra,2020,passenger door (f/l),3560,2693,3568.27,kaggle
elantra,elantra,2020,passenger door (r/l),3560,2693,3568.27,kaggle
elantra,elantra,2020,passenger door (r/r),3560,2693,3568.27,kaggle
elantra,elantra,2020,rear bumper,800,520,1414.5,kaggle
elantra,elantra,2020,rear light (l),280,680,1900,kaggle
elantra,elantra,2020,rear light (r),175,120,1900,kaggle
elantra,elantra,2020,side bumper(l),null  ,650,860,kaggle
elantra,elantra,2020,side bumper(r),null  ,650,860,kaggle
elantra,elantra,2021,car boot,1554,3373,3500,kaggle
elantra,elantra,2021,car hood,752,2888,3411.48,kaggle
elantra,elantra,2021,driver door(f/r),814,3568,3515.48,kaggle
elantra,elantra,2021,fender (f/l),413,721,2225.77,kaggle
elantra,elantra,2021,fender (f/r),340,721,2225.77,kaggle
elantra,elantra,2021,fender (r/l),413,890,2807,kaggle
elantra,elantra,2021,fender (r/r),340,890,2807,kaggle
elantra,elantra,2021,front bumper,288,550,1161,kaggle
elantra,elantra,2021,headlight (l),412,1150,2385.57,kaggle
elantra,elantra,2021,headlight (r),412,1150,2385.57,kaggle
elantra,elantra,2021,passenger door (f/l),3586,2639,3515.48,kaggle
elantra,elantra,2021,passenger door (r/l),1500,1700,3380,kaggle
elantra,elantra,2021,passenger door (r/r),1500,1700,3380,kaggle
elantra,elantra,2021,rear bumper,239,800,1200,kaggle
elantra,elantra,2021,rear light (l),280,1250,890,kaggle
elantra,elantra,2021,rear light (r),280,1250,890,kaggle
elantra,elantra,2021,side bumper(l),null  ,450,680,kaggle
elantra,elantra,2021,side bumper(r),null  ,450,680,kaggle
elantra,elantra,2022,car boot,752,1700,3373.17,kaggle
elantra,elantra,2022,car hood,3560,1600,3411.48,kaggle
elantra,elantra,2022,driver door(f/r),814,1700,3515.48,kaggle
elantra,elantra,2022,fender (f/l),413,900,1955,kaggle
elantra,elantra,2022,fender (f/r),188,900,1955,kaggle
elantra,elantra,2022,fender (r/l),413,900,2802,kaggle
elantra,elantra,2022,fender (r/r),188,900,2807,kaggle
elantra,elantra,2022,front bumper,288,480,1661,kaggle
elantra,elantra,2022,headlight (l),302,412,2385.57,kaggle
elantra,elantra,2022,headlight (r),302,412,2385.57,kaggle
elantra,elantra,2022,passenger door (f/l),3560,1900,3515.48,kaggle
elantra,elantra,2022,passenger door (r/l),1500,1600,3380,kaggle
elantra,elantra,2022,passenger door (r/r),1500,1700,3380,kaggle
elantra,elantra,2022,rear bumper,239,650,975.5,kaggle
elantra,elantra,2022,rear light (l),560,1250,890,kaggle
elantra,elantra,2022,rear light (r),142,1250,890,kaggle
elantra,elantra,2022,side bumper(l),null  ,129,450,kaggle
elantra,elantra,2022,side bumper(r),null  ,129,450,kaggle
elantra,elantra,2023,car boot,645,1239,2883.58,kaggle
elantra,elantra,2023,car hood,2200,1600,3339.82,kaggle
elantra,elantra,2023,driver door(f/r),1700,2400,"2707,97",kaggle
elantra,elantra,2023,fender (f/l),1200,1050,1755.24,kaggle
elantra,elantra,2023,fender (f/r),1200,1050,1755.24,kaggle
elantra,elantra,2023,fender (r/l),1200,1050,1755.24,kaggle
elantra,elantra,2023,fender (r/r),1200,1050,1755.24,kaggle
elantra,elantra,2023,front bumper,288,550,632,kaggle
elantra,elantra,2023,headlight (l),1200,700,2180,kaggle
elantra,elantra,2023,headlight (r),1200,700,2180,kaggle
elantra,elantra,2023,passenger door (f/l),1800,2500,2707.97,kaggle
elantra,elantra,2023,passenger door (r/l),1500,1700,2707.97,kaggle
elantra,elantra,2023,passenger door (r/r),1500,1700,2707.97,kaggle
elantra,elantra,2023,rear bumper,261,460,1293,kaggle
elantra,elantra,2023,rear light (l),184,390,2112,kaggle
elantra,elantra,2023,rear light (r),142,390,2112,kaggle
elantra,elantra,2023,side bumper(l),null  ,450,890,kaggle
elantra,elantra,2023,side bumper(r),null  ,450,890,kaggle
elantra,elantra,2024,car boot,3800,3500,5129.11,kaggle
elantra,elantra,2024,car hood,3500,2500,6020.35,kaggle
elantra,elantra,2024,driver door(f/r),3500,2706,4129.11,kaggle
elantra,elantra,2024,fender (f/l),200,980,1755.35,kaggle
elantra,elantra,2024,fender (f/r),200,980,1755.35,kaggle
elantra,elantra,2024,fender (r/l),2500,2800,1755.35,kaggle
elantra,elantra,2024,fender (r/r),2500,2800,1755.35,kaggle
elantra,elantra,2024,front bumper,288,1000,1519,kaggle
elantra,elantra,2024,headlight (l),516,1700,1300,kaggle
elantra,elantra,2024,headlight (r),516,1700,1300,kaggle
elantra,elantra,2024,passenger door (f/l),2500,3410,6587.15,kaggle
elantra,elantra,2024,passenger door (r/l),3500,4500,7900.08,kaggle
elantra,elantra,2024,passenger door (r/r),3500,4500,7900.08,kaggle
elantra,elantra,2024,rear bumper,262,1890,1490.98,kaggle
elantra,elantra,2024,rear light (l),140,400,1700,kaggle
elantra,elantra,2024,rear light (r),140,400,1700,kaggle
elantra,elantra,2024,side bumper(l),215,650,890,kaggle
elantra,elantra,2024,side bumper(r),215,650,890,kaggle
sonata,sonata,2018,car boot,1942,1401.56,"2,286.48",kaggle
sonata,sonata,2018,car hood,752.1,570,"3,041.90",kaggle
sonata,sonata,2018,driver door(f/r),1872,1872,3081,kaggle
sonata,sonata,2018,fender (f/l),206.83,580,808.12,kaggle
sonata,sonata,2018,fender (f/r),200.56,600,808.12,kaggle
sonata,sonata,2018,fender (r/l),206.83,206.83,2308.05,kaggle
sonata,sonata,2018,fender (r/r),200.56,200.56,2337.75,kaggle
sonata,sonata,2018,front bumper,212.55,920,1058,kaggle
sonata,sonata,2018,headlight (l),510,329,"2,662.00",kaggle
sonata,sonata,2018,headlight (r),465,329,"2,625.00",kaggle
sonata,sonata,2018,passenger door (f/l),689.43,1872,3024,kaggle
sonata,sonata,2018,passenger door (r/l),2080,2080,3479,kaggle
sonata,sonata,2018,passenger door (r/r),2080,2080,3411,kaggle
sonata,sonata,2018,rear bumper,275.77,1315.9,1066.83,kaggle
sonata,sonata,2018,rear light (l),272.52,510,"1,202",kaggle
sonata,sonata,2018,rear light (r),272.52,465,1201.79,kaggle
sonata,sonata,2018,side bumper(l),112.82,616.11,616,kaggle
sonata,sonata,2018,side bumper(r),112.82,616.11,616,kaggle
sonata,sonata,2019,car boot,1942,1401.56,2494.76,kaggle
sonata,sonata,2019,car hood,752.1,637,3031.72,kaggle
sonata,sonata,2019,driver door(f/r),1872,1872,2717.87,kaggle
sonata,sonata,2019,fender (f/l),206.83,580,1514.66,kaggle
sonata,sonata,2019,fender (f/r),200.56,600,1514.66,kaggle
sonata,sonata,2019,fender (r/l),206.83,206.83,3218.47,kaggle
sonata,sonata,2019,fender (r/r),200.56,200.56,3218.47,kaggle
sonata,sonata,2019,front bumper,212.55, 920,1024.29,kaggle
sonata,sonata,2019,headlight (l),510,510,"3,205",kaggle
sonata,sonata,2019,headlight (r),465,465,"3,205",kaggle
sonata,sonata,2019,passenger door (f/l),1698,1698,2717.87,kaggle
sonata,sonata,2019,passenger door (r/l),2080,2080,2877.89,kaggle
sonata,sonata,2019,passenger door (r/r),2080,2080,2877.89,kaggle
sonata,sonata,2019,rear bumper,275.77,1315.9,612.02,kaggle
sonata,sonata,2019,rear light (l),149.5,510,1233.01,kaggle
sonata,sonata,2019,rear light (r),149.5,460,1233.01,kaggle
sonata,sonata,2019,side bumper(l),112.82, 863.95 ,863.95,kaggle
sonata,sonata,2019,side bumper(r),112.82,863.95,863.95,kaggle
sonata,sonata,2020,car boot,2148,2031,2494.76,kaggle
sonata,sonata,2020,car hood,1242,932,3031.72,kaggle
sonata,sonata,2020,driver door(f/r),2322.13,2322.13,2717.87,kaggle
sonata,sonata,2020,fender (f/l),1380,"1,380.00",1514.66,kaggle
sonata,sonata,2020,fender (f/r),1035,1035,1514.66,kaggle
sonata,sonata,2020,fender (r/l),500,500,3218.47,kaggle
sonata,sonata,2020,fender (r/r),500,500,3218.47,kaggle
sonata,sonata,2020,front bumper,219.36, 650,1024.29,kaggle
sonata,sonata,2020,headlight (l),316.11,529.65,"3,205",kaggle
sonata,sonata,2020,headlight (r),294.31,470,"3,205",kaggle
sonata,sonata,2020,passenger door (f/l),2322.13,2322.13,2717.87,kaggle
sonata,sonata,2020,passenger door (r/l),600,600,2877.89,kaggle
sonata,sonata,2020,passenger door (r/r),600,600,2877.89,kaggle
sonata,sonata,2020,rear bumper,363.52,585,612.02,kaggle
sonata,sonata,2020,rear light (l),207.1,1118,1541.86,kaggle
sonata,sonata,2020,rear light (r),207.1,1118,1541.86,kaggle
sonata,sonata,2020,side bumper(l),863.95,863.95,863.95,kaggle
sonata,sonata,2020,side bumper(r),863.95,863.95,863.95,kaggle
sonata,sonata,2021,car boot,2148,2031,2494.76,kaggle
sonata,sonata,2021,car hood,501.4,932,3031.72,kaggle
sonata,sonata,2021,driver door(f/r),814.78,814.78,2717.87,kaggle
sonata,sonata,2021,fender (f/l),207.1,961,1514.66,kaggle
sonata,sonata,2021,fender (f/r),275.77,1035,1514.66,kaggle
sonata,sonata,2021,fender (r/l),207.1,207.1,3218.47,kaggle
sonata,sonata,2021,fender (r/r),275.77,275.77,3218.47,kaggle
sonata,sonata,2021,front bumper,219.36,650,1024.29,kaggle
sonata,sonata,2021,headlight (l),316.11,322,"3,205",kaggle
sonata,sonata,2021,headlight (r),294.31,417,"3,205",kaggle
sonata,sonata,2021,passenger door (f/l),814.78,2322.13,2717.87,kaggle
sonata,sonata,2021,passenger door (r/l),814.78,814.78,2877.89,kaggle
sonata,sonata,2021,passenger door (r/r),814.78,814.78,2877.89,kaggle
sonata,sonata,2021,rear bumper,363.52,585,612.02,kaggle
sonata,sonata,2021,rear light (l),207.1,1118,1242.74,kaggle
sonata,sonata,2021,rear light (r),207.1,1118,1242.74,kaggle
sonata,sonata,2021,side bumper(l),,,863.95,kaggle
sonata,sonata,2021,side bumper(r),,,863.95,kaggle
sonata,sonata,2022,car boot,1400,1372,2494.76,kaggle
sonata,sonata,2022,car hood,501.4,932,3031.72,kaggle
sonata,sonata,2022,driver door(f/r),814.78,814.78,2717.87,kaggle
sonata,sonata,2022,fender (f/l),207.1,961,1514.66,kaggle
sonata,sonata,2022,fender (f/r),275.77,1035,1514.66,kaggle
sonata,sonata,2022,fender (r/l),207.1,207.1,3218.47,kaggle
sonata,sonata,2022,fender (r/r),275.77,275.77,3218.47,kaggle
sonata,sonata,2022,front bumper,977.5,650,1024.29,kaggle
sonata,sonata,2022,headlight (l),690,507,"3,205",kaggle
sonata,sonata,2022,headlight (r),690,507,"3,205",kaggle
sonata,sonata,2022,passenger door (f/l),814.78,2322.13,2717.87,kaggle
sonata,sonata,2022,passenger door (r/l),814.78,814.78,2877.89,kaggle
sonata,sonata,2022,passenger door (r/r),814.78,814.78,2877.89,kaggle
sonata,sonata,2022,rear bumper,1300,1300,612.02,kaggle
sonata,sonata,2022,rear light (l),716,1118,1387.5,kaggle
sonata,sonata,2022,rear light (r),716,1118,1387.5,kaggle
sonata,sonata,2022,side bumper(l),,,863.95,kaggle
sonata,sonata,2022,side bumper(r),,,863.95,kaggle
sonata,sonata,2023,car boot,900,900.00,2494.76,kaggle
sonata,sonata,2023,car hood,800,932,3031.72,kaggle
sonata,sonata,2023,driver door(f/r),1000,1000,2717.87,kaggle
sonata,sonata,2023,fender (f/l),400,400,1514.66,kaggle
sonata,sonata,2023,fender (f/r),400,400,1514.66,kaggle
sonata,sonata,2023,fender (r/l),400,400,3218.47,kaggle
sonata,sonata,2023,fender (r/r),400,400,3218.47,kaggle
sonata,sonata,2023,front bumper,977.5,650,1024.29,kaggle
sonata,sonata,2023,headlight (l),800,2851,"3,205",kaggle
sonata,sonata,2023,headlight (r),800,2851,"3,205",kaggle
sonata,sonata,2023,passenger door (f/l),1000,1000,2717.87,kaggle
sonata,sonata,2023,passenger door (r/l),900,900,2877.89,kaggle
sonata,sonata,2023,passenger door (r/r),900,900,2877.89,kaggle
sonata,sonata,2023,rear bumper,1300,1300,612.02,kaggle
sonata,sonata,2023,rear light (l),500,500,1869.12,kaggle
sonata,sonata,2023,rear light (r),500,500,1869.12,kaggle
sonata,sonata,2023,side bumper(l),,,1031.93,kaggle
sonata,sonata,2023,side bumper(r),,,1031.93,kaggle
sonata,sonata,2024,car boot,1000,1500,2651.97,kaggle
sonata,sonata,2024,car hood,1300,2000,3461,kaggle
sonata,sonata,2024,driver door(f/r),1300,1500,3079.24,kaggle
sonata,sonata,2024,fender (f/l),1000,1100,2146.62,kaggle
sonata,sonata,2024,fender (f/r),1000,1100,2146.62,kaggle
sonata,sonata,2024,fender (r/l),1500,1100,3382.59,kaggle
sonata,sonata,2024,fender (r/r),1500,1100,3382.59,kaggle
sonata,sonata,2024,front bumper,1800,1800,984.32,kaggle
sonata,sonata,2024,headlight (l),600,580,3205,kaggle
sonata,sonata,2024,headlight (r),600,580,3205,kaggle
sonata,sonata,2024,passenger door (f/l),1300,1500,3079.24,kaggle
sonata,sonata,2024,passenger door (r/l),1200,1500,2963.27,kaggle
sonata,sonata,2024,passenger door (r/r),1200,1500,2963.27,kaggle
sonata,sonata,2024,rear bumper,1000,1000,681.88,kaggle
sonata,sonata,2024,rear light (l),1800,800,1869.12,kaggle
sonata,sonata,2024,rear light (r),1800,800,1869.12,kaggle
sonata,sonata,2024,side bumper(l),,,1031.93,kaggle
sonata,sonata,2024,side bumper(r),,,1031.93,kaggle
accent,accent,2018,car boot,894.36, 894.36,"1,184.01",kaggle
accent,accent,2018,car hood,436, 625,1060.38,kaggle
accent,accent,2018,driver door(f/r),"1,127.00", 1270,"1,702.90",kaggle
accent,accent,2018,fender (f/l),213.1, 260,350.64,kaggle
accent,accent,2018,fender (f/r),213.1, 169 ,350.64,kaggle
accent,accent,2018,fender (r/l),163.51, 163.51,988.73,kaggle
accent,accent,2018,fender (r/r),163.51,163.51,988.73,kaggle
accent,accent,2018,front bumper,141.7, 299,455.48,kaggle
accent,accent,2018,headlight (l),307.11, 739,"1,059.00",kaggle
accent,accent,2018,headlight (r),181.76, 478,"1,059.00",kaggle
accent,accent,2018,passenger door (f/l),1220, 1080,1702.9,kaggle
accent,accent,2018,passenger door (r/l),1179, 1179,"1,702.90",kaggle
accent,accent,2018,passenger door (r/r),689.43, 1024,1702.9,kaggle
accent,accent,2018,rear bumper,207.1, 299,387.07,kaggle
accent,accent,2018,rear light (l),162.96, 264,365.04,kaggle
accent,accent,2018,rear light (r),141.7, 262,365.04,kaggle
accent,accent,2018,side bumper(l),,,171.9,kaggle
accent,accent,2018,side bumper(r),,,171.9,kaggle
accent,accent,2019,car boot,894.36, 894.36,1184.01,kaggle
accent,accent,2019,car hood,436,625,944.55,kaggle
accent,accent,2019,driver door(f/r),"1,127.00", 1270,1702.9,kaggle
accent,accent,2019,fender (f/l),213.1, 260,350.64,kaggle
accent,accent,2019,fender (f/r),213.1, 169 ,350.64,kaggle
accent,accent,2019,fender (r/l),163.51,163.51,988.73,kaggle
accent,accent,2019,fender (r/r),163.51,163.51,988.73,kaggle
accent,accent,2019,front bumper,141.7, 299,455.48,kaggle
accent,accent,2019,headlight (l),307.11, 739,1948,kaggle
accent,accent,2019,headlight (r),181.76, 478,1948,kaggle
accent,accent,2019,passenger door (f/l),"1,236.00", 1080,1702.9,kaggle
accent,accent,2019,passenger door (r/l),1179, 1179,1702.9,kaggle
accent,accent,2019,passenger door (r/r),689.43, 1024,1702.9,kaggle
accent,accent,2019,rear bumper,207.1, 299,387.07,kaggle
accent,accent,2019,rear light (l),162.96, 264,365.04,kaggle
accent,accent,2019,rear light (r),141.7, 262,365.04,kaggle
accent,accent,2019,side bumper(l),,,171.9,kaggle
accent,accent,2019,side bumper(r),,,171.9,kaggle
accent,accent,2020,car boot,894.36, 894.36,1184.01,kaggle
accent,accent,2020,car hood,625, 625,"1,070.08",kaggle
accent,accent,2020,driver door(f/r),1127,1270,1702.9,kaggle
accent,accent,2020,fender (f/l),345,450,350.64,kaggle
accent,accent,2020,fender (f/r),345,450,350.64,kaggle
accent,accent,2020,fender (r/l),1390,1330,988.73,kaggle
accent,accent,2020,fender (r/r),1390,1330,988.73,kaggle
accent,accent,2020,front bumper,261.6, 299,632.82,kaggle
accent,accent,2020,headlight (l),359.71, 739,1948,kaggle
accent,accent,2020,headlight (r),359.66, 262,1948,kaggle
accent,accent,2020,passenger door (f/l),1220, 1080,1702.9,kaggle
accent,accent,2020,passenger door (r/l),"1,193.50", 1179,1702.9,kaggle
accent,accent,2020,passenger door (r/r),1024, 1024,1702.9,kaggle
accent,accent,2020,rear bumper,300.84, 299,640.18,kaggle
accent,accent,2020,rear light (l),162.96,290,1133,kaggle
accent,accent,2020,rear light (r),141.7,288,1133,kaggle
accent,accent,2020,side bumper(l),,,111.7,kaggle
accent,accent,2020,side bumper(r),,,111.7,kaggle
accent,accent,2021,car boot,1270,1350,1184.01,kaggle
accent,accent,2021,car hood,625, 717.31,1070.08,kaggle
accent,accent,2021,driver door(f/r),"1,575.64"," 1,575.64 ",1702.9,kaggle
accent,accent,2021,fender (f/l),375,340,350.64,kaggle
accent,accent,2021,fender (f/r),375,340,350.64,kaggle
accent,accent,2021,fender (r/l),1470,1480,988.73,kaggle
accent,accent,2021,fender (r/r),1470,1480,988.73,kaggle
accent,accent,2021,front bumper,261.6, 299,632.82,kaggle
accent,accent,2021,headlight (l),359.71, 359.71,1948,kaggle
accent,accent,2021,headlight (r),359.66,359.66,1948,kaggle
accent,accent,2021,passenger door (f/l),1575.64,1575.64,1702.9,kaggle
accent,accent,2021,passenger door (r/l),1024,1024,1702.9,kaggle
accent,accent,2021,passenger door (r/r),1024,1024,1702.9,kaggle
accent,accent,2021,rear bumper,300.84, 632.50 ,640.18,kaggle
accent,accent,2021,rear light (l),261.6,773,1133,kaggle
accent,accent,2021,rear light (r),261.6,787,1133,kaggle
accent,accent,2021,side bumper(l),,,111.7,kaggle
accent,accent,2021,side bumper(r),,,111.7,kaggle
accent,accent,2022,car boot,1340,1400,1184.01,kaggle
accent,accent,2022,car hood,944.55, 944.55 ,1070.08,kaggle
accent,accent,2022,driver door(f/r),"1,575.64"," 1,575.64 ",1702.9,kaggle
accent,accent,2022,fender (f/l),395,390,350.64,kaggle
accent,accent,2022,fender (f/r),395,390,350.64,kaggle
accent,accent,2022,fender (r/l),1470,1550,988.73,kaggle
accent,accent,2022,fender (r/r),1470,1550,988.73,kaggle
accent,accent,2022,front bumper,416, 299,632.82,kaggle
accent,accent,2022,headlight (l),794, 794,3256.04,kaggle
accent,accent,2022,headlight (r),794,794,3256.04,kaggle
accent,accent,2022,passenger door (f/l),1575.64,1575.64,1702.9,kaggle
accent,accent,2022,passenger door (r/l),1024,1024,1702.9,kaggle
accent,accent,2022,passenger door (r/r),1024,1024,1702.9,kaggle
accent,accent,2022,rear bumper,632.5,632.5,640.18,kaggle
accent,accent,2022,rear light (l),600,600,1133,kaggle
accent,accent,2022,rear light (r),610,610,1133,kaggle
accent,accent,2022,side bumper(l),,,111.7,kaggle
accent,accent,2022,side bumper(r),,,111.7,kaggle
accent,accent,2023,car boot,950,950,1184.01,kaggle
accent,accent,2023,car hood,1975,1975,1070.08,kaggle
accent,accent,2023,driver door(f/r),1100,1250,1702.9,kaggle
accent,accent,2023,fender (f/l),470,530,350.64,kaggle
accent,accent,2023,fender (f/r),470,530,350.64,kaggle
accent,accent,2023,fender (r/l),1380,1450,988.73,kaggle
accent,accent,2023,fender (r/r),1380,1450,988.73,kaggle
accent,accent,2023,front bumper,416, 416,632.82,kaggle
accent,accent,2023,headlight (l),650,650,1948,kaggle
accent,accent,2023,headlight (r),650,650,1948,kaggle
accent,accent,2023,passenger door (f/l),1100,1250,1702.9,kaggle
accent,accent,2023,passenger door (r/l),1250,1460,1702.9,kaggle
accent,accent,2023,passenger door (r/r),1250,1460,1702.9,kaggle
accent,accent,2023,rear bumper,290,270,640.18,kaggle
accent,accent,2023,rear light (l),730,680,1133,kaggle
accent,accent,2023,rear light (r),730,680,1133,kaggle
accent,accent,2023,side bumper(l),,,111.7,kaggle
accent,accent,2023,side bumper(r),,,111.7,kaggle
accent,accent,2024,car boot,1200,1200,"1,266.82",kaggle
accent,accent,2024,car hood,1200,1200,"1,184.01",kaggle
accent,accent,2024,driver door(f/r),1000, 1000,"1,594.84",kaggle
accent,accent,2024,fender (f/l),400,400,700.07,kaggle
accent,accent,2024,fender (f/r),400,400,700.07,kaggle
accent,accent,2024,fender (r/l),400,400,1065.68,kaggle
accent,accent,2024,fender (r/r),400,400,1065.68,kaggle
accent,accent,2024,front bumper,1000,1000,690.1,kaggle
accent,accent,2024,headlight (l),2000,354,2975.58,kaggle
accent,accent,2024,headlight (r),2000,354,2975.58,kaggle
accent,accent,2024,passenger door (f/l),1000,1000,1594.84,kaggle
accent,accent,2024,passenger door (r/l),800,800,1497.95,kaggle
accent,accent,2024,passenger door (r/r),800,800,1497.95,kaggle
accent,accent,2024,rear bumper,700,700,362.68,kaggle
accent,accent,2024,rear light (l),500,500,870,kaggle
accent,accent,2024,rear light (r),500,500,870,kaggle
accent,accent,2024,side bumper(l),,,111.7,kaggle
accent,accent,2024,side bumper(r),,,111.7,kaggle
tahoe,tahoe,2018,car boot,2800,3400,2000,kaggle
tahoe,tahoe,2018,car hood,1378,1890,5961,kaggle
tahoe,tahoe,2018,driver door(f/r),2300,3000,2500,kaggle
tahoe,tahoe,2018,fender (f/l),1119,639,3430,kaggle
tahoe,tahoe,2018,fender (f/r),1119,639,3430,kaggle
tahoe,tahoe,2018,fender (r/l),2100,2700,2500,kaggle
tahoe,tahoe,2018,fender (r/r),2100,2700,2500,kaggle
tahoe,tahoe,2018,front bumper,2830,1890,3312,kaggle
tahoe,tahoe,2018,headlight (l),1138,615,4395.3,kaggle
tahoe,tahoe,2018,headlight (r),1138,615,4395.3,kaggle
tahoe,tahoe,2018,passenger door (f/l),3100,3400,3000,kaggle
tahoe,tahoe,2018,passenger door (r/l),3100,3400,3000,kaggle
tahoe,tahoe,2018,passenger door (r/r),3100,3400,3000,kaggle
tahoe,tahoe,2018,rear bumper,1680,1045,4168,kaggle
tahoe,tahoe,2018,rear light (l),868,492,1666,kaggle
tahoe,tahoe,2018,rear light (r),868,429,1666,kaggle
tahoe,tahoe,2018,side bumper(l),,450,650,kaggle
tahoe,tahoe,2018,side bumper(r),,450,650,kaggle
tahoe,tahoe,2019,car boot,2800,3500,3000,kaggle
tahoe,tahoe,2019,car hood,1378,1890,5961,kaggle
tahoe,tahoe,2019,driver door(f/r),3200,2800,3500,kaggle
tahoe,tahoe,2019,fender (f/l),1119,639,3430,kaggle
tahoe,tahoe,2019,fender (f/r),1119,639,3430,kaggle
tahoe,tahoe,2019,fender (r/l),2600,1900,2500,kaggle
tahoe,tahoe,2019,fender (r/r),2600,1900,2500,kaggle
tahoe,tahoe,2019,front bumper,1200,1890,3312,kaggle
tahoe,tahoe,2019,headlight (l),1138,615,4395.3,kaggle
tahoe,tahoe,2019,headlight (r),1138,615,4395.3,kaggle
tahoe,tahoe,2019,passenger door (f/l),2100,3500,3000,kaggle
tahoe,tahoe,2019,passenger door (r/l),2100,3500,3000,kaggle
tahoe,tahoe,2019,passenger door (r/r),2100,3500,3000,kaggle
tahoe,tahoe,2019,rear bumper,1680,1045,4168,kaggle
tahoe,tahoe,2019,rear light (l),868,492,1666,kaggle
tahoe,tahoe,2019,rear light (r),868,429,1666,kaggle
tahoe,tahoe,2019,side bumper(l),,450,650,kaggle
tahoe,tahoe,2019,side bumper(r),,450,650,kaggle
tahoe,tahoe,2020,car boot,2800,3200,2000,kaggle
tahoe,tahoe,2020,car hood,1378,1890,5961,kaggle
tahoe,tahoe,2020,driver door(f/r),2800,3200,3500,kaggle
tahoe,tahoe,2020,fender (f/l),1119,991,3430,kaggle
tahoe,tahoe,2020,fender (f/r),1119,991,3430,kaggle
tahoe,tahoe,2020,fender (r/l),2900,2100,2500,kaggle
tahoe,tahoe,2020,fender (r/r),2900,2100,2500,kaggle
tahoe,tahoe,2020,front bumper,412,2830,3312,kaggle
tahoe,tahoe,2020,headlight (l),1288,927,4395.3,kaggle
tahoe,tahoe,2020,headlight (r),1288,927,4395.3,kaggle
tahoe,tahoe,2020,passenger door (f/l),2500,3400,3000,kaggle
tahoe,tahoe,2020,passenger door (r/l),2500,3400,3000,kaggle
tahoe,tahoe,2020,passenger door (r/r),2500,3400,3000,kaggle
tahoe,tahoe,2020,rear bumper,1680,1045,4168,kaggle
tahoe,tahoe,2020,rear light (l),868,492,1666,kaggle
tahoe,tahoe,2020,rear light (r),868,492,1666,kaggle
tahoe,tahoe,2020,side bumper(l),,550,600,kaggle
tahoe,tahoe,2020,side bumper(r),,550,650,kaggle
tahoe,tahoe,2021,car boot,6000,6500,7000,kaggle
tahoe,tahoe,2021,car hood,1150,2600,5961,kaggle
tahoe,tahoe,2021,driver door(f/r),4100,5500,4300,kaggle
tahoe,tahoe,2021,fender (f/l),407,680,2300,kaggle
tahoe,tahoe,2021,fender (f/r),407,680,2300,kaggle
tahoe,tahoe,2021,fender (r/l),4900,5500,6000,kaggle
tahoe,tahoe,2021,fender (r/r),4900,5500,6000,kaggle
tahoe,tahoe,2021,front bumper,2060,2830,3312,kaggle
tahoe,tahoe,2021,headlight (l),1030,1650,1840,kaggle
tahoe,tahoe,2021,headlight (r),1030,1650,1840,kaggle
tahoe,tahoe,2021,passenger door (f/l),5350,5100,5500,kaggle
tahoe,tahoe,2021,passenger door (r/l),5350,5100,5500,kaggle
tahoe,tahoe,2021,passenger door (r/r),5350,5100,5500,kaggle
tahoe,tahoe,2021,rear bumper,1800,2400,4168,kaggle
tahoe,tahoe,2021,rear light (l),708,1400,1666,kaggle
tahoe,tahoe,2021,rear light (r),708,1400,1666,kaggle
tahoe,tahoe,2021,side bumper(l),,470,600,kaggle
tahoe,tahoe,2021,side bumper(r),,470,600,kaggle
tahoe,tahoe,2022,car boot,7500,8100,7000,kaggle
tahoe,tahoe,2022,car hood,1722,3000,5961,kaggle
tahoe,tahoe,2022,driver door(f/r),5000,5500,6500,kaggle
tahoe,tahoe,2022,fender (f/l),407,980,2000,kaggle
tahoe,tahoe,2022,fender (f/r),407,980,2000,kaggle
tahoe,tahoe,2022,fender (r/l),3200,3000,5700,kaggle
tahoe,tahoe,2022,fender (r/r),3200,3000,5700,kaggle
tahoe,tahoe,2022,front bumper,2060,2830,3312,kaggle
tahoe,tahoe,2022,headlight (l),1030,2700,4400,kaggle
tahoe,tahoe,2022,headlight (r),1030,2700,4400,kaggle
tahoe,tahoe,2022,passenger door (f/l),5000,5500,6500,kaggle
tahoe,tahoe,2022,passenger door (r/l),5000,7500,5500,kaggle
tahoe,tahoe,2022,passenger door (r/r),5000,7500,5500,kaggle
tahoe,tahoe,2022,rear bumper,3500,3200,4168,kaggle
tahoe,tahoe,2022,rear light (l),2500,615,1666,kaggle
tahoe,tahoe,2022,rear light (r),2500,615,400,kaggle
tahoe,tahoe,2022,side bumper(l),,200,400,kaggle
tahoe,tahoe,2022,side bumper(r),,200,400,kaggle
tahoe,tahoe,2023,car boot,6800,5490,7000,kaggle
tahoe,tahoe,2023,car hood,1722,5500,6500,kaggle
tahoe,tahoe,2023,driver door(f/r),5500,5000,6500,kaggle
tahoe,tahoe,2023,fender (f/l),407,1600,2849,kaggle
tahoe,tahoe,2023,fender (f/r),407,1600,2849,kaggle
tahoe,tahoe,2023,fender (r/l),5300,5000,5700,kaggle
tahoe,tahoe,2023,fender (r/r),5300,5000,5700,kaggle
tahoe,tahoe,2023,front bumper,2060,1150,3489,kaggle
tahoe,tahoe,2023,headlight (l),1030,2800,4400,kaggle
tahoe,tahoe,2023,headlight (r),1030,2800,4400,kaggle
tahoe,tahoe,2023,passenger door (f/l),4300,5000,5500,kaggle
tahoe,tahoe,2023,passenger door (r/l),4300,5000,5500,kaggle
tahoe,tahoe,2023,passenger door (r/r),4300,5000,5500,kaggle
tahoe,tahoe,2023,rear bumper,1940,2400,3000,kaggle
tahoe,tahoe,2023,rear light (l),615,1200,2210,kaggle
tahoe,tahoe,2023,rear light (r),615,1200,2210,kaggle
tahoe,tahoe,2023,side bumper(l),,550,870,kaggle
tahoe,tahoe,2023,side bumper(r),,550,870,kaggle
tahoe,tahoe,2024,car boot,6800,8400,7000,kaggle
tahoe,tahoe,2024,car hood,5600,4500,6800,kaggle
tahoe,tahoe,2024,driver door(f/r),5400,4890,6500,kaggle
tahoe,tahoe,2024,fender (f/l),407,2350,3479,kaggle
tahoe,tahoe,2024,fender (f/r),407,2350,3479,kaggle
tahoe,tahoe,2024,fender (r/l),6580,4900,5700,kaggle
tahoe,tahoe,2024,fender (r/r),6580,4900,5700,kaggle
tahoe,tahoe,2024,front bumper,603,1907,3489,kaggle
tahoe,tahoe,2024,headlight (l),890,2300,4400,kaggle
tahoe,tahoe,2024,headlight (r),890,2300,4400,kaggle
tahoe,tahoe,2024,passenger door (f/l),6300,6000,5500,kaggle
tahoe,tahoe,2024,passenger door (r/l),6300,6000,5500,kaggle
tahoe,tahoe,2024,passenger door (r/r),6300,6000,5500,kaggle
tahoe,tahoe,2024,rear bumper,830,2500,4800,kaggle
tahoe,tahoe,2024,rear light (l),615,1200,2210,kaggle
tahoe,tahoe,2024,rear light (r),615,1200,2210,kaggle
tahoe,tahoe,2024,side bumper(l),,550,870,kaggle
tahoe,tahoe,2024,side bumper(r),,550,870,kaggle
dacia,logan,2018,front bumper,265.95,840.06,1266.81,synthetic
dacia,logan,2018,rear bumper,189.73,591.89,983.33,synthetic
dacia,logan,2018,side bumper(l),156.07,451.53,619.46,synthetic
dacia,logan,2018,side bumper(r),169.95,388.32,646.55,synthetic
dacia,logan,2018,car hood,460.85,1511.14,2459.17,synthetic
dacia,logan,2018,car boot,626.84,1516.14,2660.32,synthetic
dacia,logan,2018,fender (f/l),196.49,597.05,835.13,synthetic
dacia,logan,2018,fender (f/r),207.39,475.16,923.23,synthetic
dacia,logan,2018,fender (r/l),181.72,663.78,1056.16,synthetic
dacia,logan,2018,fender (r/r),202.81,514.39,992.01,synthetic
dacia,logan,2018,headlight (l),254.64,1897.25,3108.89,synthetic
dacia,logan,2018,headlight (r),271.05,1992.64,3341.84,synthetic
dacia,logan,2018,rear light (l),183.36,986.95,2225.4,synthetic
dacia,logan,2018,rear light (r),211.64,1219.11,2046.99,synthetic
dacia,logan,2018,driver door(f/r),668.32,1953.91,3117.99,synthetic
dacia,logan,2018,passenger door (f/l),764.38,2002.52,3776.14,synthetic
dacia,logan,2018,passenger door (r/l),684.28,2000.3,2924.23,synthetic
dacia,logan,2018,passenger door (r/r),622.37,2263.48,3409.08,synthetic
dacia,logan,2019,front bumper,242.59,874.84,1360.34,synthetic
dacia,logan,2019,rear bumper,263.38,621.71,1147.65,synthetic
dacia,logan,2019,side bumper(l),,475.98,725.32,synthetic
dacia,logan,2019,side bumper(r),149.75,434.93,797.66,synthetic
dacia,logan,2019,car hood,623.64,1606.5,2453.5,synthetic
dacia,logan,2019,car boot,715.6,1869.75,3220.66,synthetic
dacia,logan,2019,fender (f/l),217.96,581.09,861.29,synthetic
dacia,logan,2019,fender (f/r),175.52,618.31,928.69,synthetic
dacia,logan,2019,fender (r/l),276.34,584.28,1003.93,synthetic
dacia,logan,2019,fender (r/r),211.82,551.62,974.23,synthetic
dacia,logan,2019,headlight (l),379.69,2241.68,3901.02,synthetic
dacia,logan,2019,headlight (r),363.36,1859.05,4136.13,synthetic
dacia,logan,2019,rear light (l),218.31,1317.08,2065.65,synthetic
dacia,logan,2019,rear light (r),173.24,1151.46,2324.86,synthetic
dacia,logan,2019,driver door(f/r),693.6,2329.49,3705.08,synthetic
dacia,logan,2019,passenger door (f/l),732.63,2208.88,4181.81,synthetic
dacia,logan,2019,passenger door (r/l),816.09,2262.91,3342.89,synthetic
dacia,logan,2019,passenger door (r/r),959.83,1974.17,3453.72,synthetic
dacia,logan,2020,front bumper,296.85,739.14,1428.6,synthetic
dacia,logan,2020,rear bumper,209.41,714.76,1401.03,synthetic
dacia,logan,2020,side bumper(l),149.28,491.44,906.64,synthetic
dacia,logan,2020,side bumper(r),185.98,531.69,760.87,synthetic
dacia,logan,2020,car hood,549.33,1809.06,2992.94,synthetic
dacia,logan,2020,car boot,581.94,2170.36,3108.29,synthetic
dacia,logan,2020,fender (f/l),,655.4,1088.49,synthetic
dacia,logan,2020,fender (f/r),233.12,585.65,1080.37,synthetic
dacia,logan,2020,fender (r/l),274.69,655.54,1217.51,synthetic
dacia,logan,2020,fender (r/r),238.98,599.91,1214.32,synthetic
dacia,logan,2020,headlight (l),314.31,2309.78,4369.1,synthetic
dacia,logan,2020,headlight (r),352.13,2033.31,3663.52,synthetic
dacia,logan,2020,rear light (l),242.24,1314.89,2230.37,synthetic
dacia,logan,2020,rear light (r),227.67,1415.03,2535.53,synthetic
dacia,logan,2020,driver door(f/r),980.72,2182.85,3730.29,synthetic
dacia,logan,2020,passenger door (f/l),967.51,2126.78,3671.67,synthetic
dacia,logan,2020,passenger door (r/l),697.76,2057.87,3755.42,synthetic
dacia,logan,2020,passenger door (r/r),922.88,2101.49,3901.03,synthetic
dacia,logan,2021,front bumper,322.95,985.45,1541.44,synthetic
dacia,logan,2021,rear bumper,290.0,835.17,1230.99,synthetic
dacia,logan,2021,side bumper(l),168.53,486.52,966.54,synthetic
dacia,logan,2021,side bumper(r),215.17,547.73,929.42,synthetic
dacia,logan,2021,car hood,639.07,1855.82,2873.26,synthetic
dacia,logan,2021,car boot,678.76,1807.18,3593.22,synthetic
dacia,logan,2021,fender (f/l),291.69,774.87,1227.12,synthetic
dacia,logan,2021,fender (f/r),199.93,769.63,1096.76,synthetic
dacia,logan,2021,fender (r/l),323.39,802.22,1119.89,synthetic
dacia,logan,2021,fender (r/r),311.12,685.56,1084.56,synthetic
dacia,logan,2021,headlight (l),436.9,2494.55,4412.98,synthetic
dacia,logan,2021,headlight (r),389.11,2702.37,3965.11,synthetic
dacia,logan,2021,rear light (l),256.89,1449.23,2597.26,synthetic
dacia,logan,2021,rear light (r),210.66,1267.91,2664.13,synthetic
dacia,logan,2021,driver door(f/r),1137.65,2996.51,4351.81,synthetic
dacia,logan,2021,passenger door (f/l),1110.36,2785.94,4550.37,synthetic
dacia,logan,2021,passenger door (r/l),1075.08,2329.98,3849.52,synthetic
dacia,logan,2021,passenger door (r/r),959.12,2108.06,3935.24,synthetic
dacia,logan,2022,front bumper,,1003.42,1405.51,synthetic
dacia,logan,2022,rear bumper,327.87,834.66,1322.04,synthetic
dacia,logan,2022,side bumper(l),219.38,513.17,951.25,synthetic
dacia,logan,2022,side bumper(r),162.49,566.28,933.01,synthetic
dacia,logan,2022,car hood,719.69,2262.66,3312.91,synthetic
dacia,logan,2022,car boot,,2089.72,3641.87,synthetic
dacia,logan,2022,fender (f/l),213.88,826.76,1283.79,synthetic
dacia,logan,2022,fender (f/r),254.39,654.84,1090.04,synthetic
dacia,logan,2022,fender (r/l),296.12,821.91,1302.21,synthetic
dacia,logan,2022,fender (r/r),343.24,827.31,1270.36,synthetic
dacia,logan,2022,headlight (l),383.26,2318.19,4460.3,synthetic
dacia,logan,2022,headlight (r),,2219.13,4116.61,synthetic
dacia,logan,2022,rear light (l),271.38,1526.71,2623.64,synthetic
dacia,logan,2022,rear light (r),236.8,1427.35,2432.94,synthetic
dacia,logan,2022,driver door(f/r),,2936.63,4769.79,synthetic
dacia,logan,2022,passenger door (f/l),1003.04,2945.16,4623.48,synthetic
dacia,logan,2022,passenger door (r/l),1052.84,2343.38,3788.66,synthetic
dacia,logan,2022,passenger door (r/r),802.5,2674.09,4670.29,synthetic
dacia,logan,2023,front bumper,374.47,1080.53,1663.17,synthetic
dacia,logan,2023,rear bumper,362.39,892.43,1710.46,synthetic
dacia,logan,2023,side bumper(l),,518.13,886.1,synthetic
dacia,logan,2023,side bumper(r),175.93,627.67,879.14,synthetic
dacia,logan,2023,car hood,796.57,1799.66,3764.15,synthetic
dacia,logan,2023,car boot,711.7,2520.47,4041.31,synthetic
dacia,logan,2023,fender (f/l),306.33,840.1,1194.09,synthetic
dacia,logan,2023,fender (f/r),308.07,840.88,1408.33,synthetic
dacia,logan,2023,fender (r/l),292.23,886.91,1279.18,synthetic
dacia,logan,2023,fender (r/r),352.16,801.55,1410.08,synthetic
dacia,logan,2023,headlight (l),353.32,2981.24,4906.18,synthetic
dacia,logan,2023,headlight (r),,2975.63,4769.7,synthetic
dacia,logan,2023,rear light (l),292.86,1338.89,2678.58,synthetic
dacia,logan,2023,rear light (r),297.42,1559.62,2888.59,synthetic
dacia,logan,2023,driver door(f/r),1027.36,2855.28,5102.88,synthetic
dacia,logan,2023,passenger door (f/l),1250.63,3271.53,4419.26,synthetic
dacia,logan,2023,passenger door (r/l),864.17,2806.08,4417.13,synthetic
dacia,logan,2023,passenger door (r/r),987.38,2447.36,4096.14,synthetic
dacia,logan,2024,front bumper,434.0,964.14,1598.73,synthetic
dacia,logan,2024,rear bumper,269.96,1071.12,1708.58,synthetic
dacia,logan,2024,side bumper(l),185.13,720.83,1004.74,synthetic
dacia,logan,2024,side bumper(r),249.78,713.4,1156.84,synthetic
dacia,logan,2024,car hood,703.37,1942.61,3946.11,synthetic
dacia,logan,2024,car boot,861.08,2822.72,3757.31,synthetic
dacia,logan,2024,fender (f/l),238.14,806.35,1190.16,synthetic
dacia,logan,2024,fender (f/r),250.72,850.44,1410.66,synthetic
dacia,logan,2024,fender (r/l),385.79,833.3,1333.69,synthetic
dacia,logan,2024,fender (r/r),289.6,986.12,1241.38,synthetic
dacia,logan,2024,headlight (l),362.87,3141.97,5214.44,synthetic
dacia,logan,2024,headlight (r),368.31,2857.43,5763.44,synthetic
dacia,logan,2024,rear light (l),280.19,1707.93,2927.71,synthetic
dacia,logan,2024,rear light (r),275.38,1807.34,2637.09,synthetic
dacia,logan,2024,driver door(f/r),1397.31,3554.55,5124.87,synthetic
dacia,logan,2024,passenger door (f/l),1078.57,2884.28,5134.87,synthetic
dacia,logan,2024,passenger door (r/l),1147.14,2552.72,5275.22,synthetic
dacia,logan,2024,passenger door (r/r),1197.98,2954.65,4519.5,synthetic
dacia,sandero,2018,front bumper,315.72,698.36,1384.26,synthetic
dacia,sandero,2018,rear bumper,272.56,739.93,1186.44,synthetic
dacia,sandero,2018,side bumper(l),,495.26,654.78,synthetic
dacia,sandero,2018,side bumper(r),149.72,487.83,820.96,synthetic
dacia,sandero,2018,car hood,544.77,1518.72,2921.05,synthetic
dacia,sandero,2018,car boot,715.26,1768.24,2879.9,synthetic
dacia,sandero,2018,fender (f/l),172.74,640.69,1015.97,synthetic
dacia,sandero,2018,fender (f/r),251.72,587.1,1006.01,synthetic
dacia,sandero,2018,fender (r/l),263.31,567.69,985.66,synthetic
dacia,sandero,2018,fender (r/r),272.95,633.82,932.54,synthetic
dacia,sandero,2018,headlight (l),329.88,1910.11,3334.16,synthetic
dacia,sandero,2018,headlight (r),317.56,2157.98,3692.78,synthetic
dacia,sandero,2018,rear light (l),192.92,1165.42,2289.83,synthetic
dacia,sandero,2018,rear light (r),161.33,982.71,2228.59,synthetic
dacia,sandero,2018,driver door(f/r),,2063.1,3354.28,synthetic
dacia,sandero,2018,passenger door (f/l),789.8,2318.4,3579.96,synthetic
dacia,sandero,2018,passenger door (r/l),914.81,1979.35,3371.28,synthetic
dacia,sandero,2018,passenger door (r/r),754.91,2149.7,3652.21,synthetic
dacia,sandero,2019,front bumper,272.7,946.55,1358.23,synthetic
dacia,sandero,2019,rear bumper,245.4,856.22,1245.19,synthetic
dacia,sandero,2019,side bumper(l),179.18,444.38,713.0,synthetic
dacia,sandero,2019,side bumper(r),144.79,431.62,724.99,synthetic
dacia,sandero,2019,car hood,494.85,1622.24,3104.97,synthetic
dacia,sandero,2019,car boot,,1738.29,2940.71,synthetic
dacia,sandero,2019,fender (f/l),196.77,582.27,941.49,synthetic
dacia,sandero,2019,fender (f/r),192.38,616.36,948.67,synthetic
dacia,sandero,2019,fender (r/l),249.82,701.28,958.19,synthetic
dacia,sandero,2019,fender (r/r),262.24,580.15,1173.89,synthetic
dacia,sandero,2019,headlight (l),280.47,2010.38,4260.68,synthetic
dacia,sandero,2019,headlight (r),297.27,1966.73,3845.62,synthetic
dacia,sandero,2019,rear light (l),213.78,1187.45,2247.61,synthetic
dacia,sandero,2019,rear light (r),166.29,1144.26,2384.13,synthetic
dacia,sandero,2019,driver door(f/r),911.44,2461.59,3594.81,synthetic
dacia,sandero,2019,passenger door (f/l),919.04,2249.74,3749.19,synthetic
dacia,sandero,2019,passenger door (r/l),687.23,2120.11,3377.5,synthetic
dacia,sandero,2019,passenger door (r/r),721.14,2502.04,3710.31,synthetic
dacia,sandero,2020,front bumper,380.49,900.9,1316.7,synthetic
dacia,sandero,2020,rear bumper,277.27,863.07,1317.82,synthetic
dacia,sandero,2020,side bumper(l),166.9,496.39,882.46,synthetic
dacia,sandero,2020,side bumper(r),172.18,593.2,874.24,synthetic
dacia,sandero,2020,car hood,511.99,1636.73,2859.35,synthetic
dacia,sandero,2020,car boot,639.18,1937.11,3143.06,synthetic
dacia,sandero,2020,fender (f/l),202.7,674.83,1072.63,synthetic
dacia,sandero,2020,fender (f/r),205.8,649.37,1219.71,synthetic
dacia,sandero,2020,fender (r/l),301.95,660.78,1065.7,synthetic
dacia,sandero,2020,fender (r/r),313.98,724.66,1176.99,synthetic
dacia,sandero,2020,headlight (l),404.79,2096.93,4082.6,synthetic
dacia,sandero,2020,headlight (r),366.51,2135.37,3868.93,synthetic
dacia,sandero,2020,rear light (l),200.7,1359.98,2233.93,synthetic
dacia,sandero,2020,rear light (r),222.1,1149.12,2340.47,synthetic
dacia,sandero,2020,driver door(f/r),804.22,3003.62,4081.25,synthetic
dacia,sandero,2020,passenger door (f/l),878.77,2761.29,4529.24,synthetic
dacia,sandero,2020,passenger door (r/l),903.11,2341.93,3756.23,synthetic
dacia,sandero,2020,passenger door (r/r),1034.31,2741.14,3546.16,synthetic
dacia,sandero,2021,front bumper,428.48,871.34,1399.85,synthetic
dacia,sandero,2021,rear bumper,294.97,947.44,1308.38,synthetic
dacia,sandero,2021,side bumper(l),171.99,497.52,837.96,synthetic
dacia,sandero,2021,side bumper(r),208.21,557.18,880.52,synthetic
dacia,sandero,2021,car hood,622.99,2138.5,3207.45,synthetic
dacia,sandero,2021,car boot,769.54,2081.51,3862.24,synthetic
dacia,sandero,2021,fender (f/l),232.51,801.94,1139.15,synthetic
dacia,sandero,2021,fender (f/r),302.74,742.79,1064.06,synthetic
dacia,sandero,2021,fender (r/l),301.07,723.95,1129.82,synthetic
dacia,sandero,2021,fender (r/r),300.2,769.32,1353.83,synthetic
dacia,sandero,2021,headlight (l),336.18,2334.07,4281.93,synthetic
dacia,sandero,2021,headlight (r),317.72,2525.67,4844.05,synthetic
dacia,sandero,2021,rear light (l),219.56,1555.96,2360.66,synthetic
dacia,sandero,2021,rear light (r),199.44,1375.45,2789.8,synthetic
dacia,sandero,2021,driver door(f/r),928.8,2985.95,4797.65,synthetic
dacia,sandero,2021,passenger door (f/l),1122.41,2835.18,4285.55,synthetic
dacia,sandero,2021,passenger door (r/l),852.13,2886.54,4249.79,synthetic
dacia,sandero,2021,passenger door (r/r),961.66,2916.5,3819.77,synthetic
dacia,sandero,2022,front bumper,388.99,1059.93,1470.85,synthetic
dacia,sandero,2022,rear bumper,357.62,932.63,1596.56,synthetic
dacia,sandero,2022,side bumper(l),225.13,527.65,987.96,synthetic
dacia,sandero,2022,side bumper(r),201.59,630.83,1071.34,synthetic
dacia,sandero,2022,car hood,679.37,1837.78,3868.19,synthetic
dacia,sandero,2022,car boot,706.75,2653.68,4225.32,synthetic
dacia,sandero,2022,fender (f/l),287.32,739.2,1114.11,synthetic
dacia,sandero,2022,fender (f/r),310.78,649.01,1197.55,synthetic
dacia,sandero,2022,fender (r/l),309.48,912.94,1268.14,synthetic
dacia,sandero,2022,fender (r/r),333.89,799.19,1229.67,synthetic
dacia,sandero,2022,headlight (l),356.07,2377.74,4849.1,synthetic
dacia,sandero,2022,headlight (r),484.8,2524.69,4944.82,synthetic
dacia,sandero,2022,rear light (l),200.89,1584.86,2557.8,synthetic
dacia,sandero,2022,rear light (r),214.42,1472.05,2496.14,synthetic
dacia,sandero,2022,driver door(f/r),1109.77,3065.17,4346.97,synthetic
dacia,sandero,2022,passenger door (f/l),980.14,3335.75,4507.71,synthetic
dacia,sandero,2022,passenger door (r/l),,2714.41,4504.22,synthetic
dacia,sandero,2022,passenger door (r/r),1154.06,2698.99,4461.16,synthetic
dacia,sandero,2023,front bumper,395.26,1107.26,1618.04,synthetic
dacia,sandero,2023,rear bumper,370.2,1100.05,1567.83,synthetic
dacia,sandero,2023,side bumper(l),233.2,607.64,911.79,synthetic
dacia,sandero,2023,side bumper(r),239.55,654.54,912.21,synthetic
dacia,sandero,2023,car hood,655.94,2318.71,3251.38,synthetic
dacia,sandero,2023,car boot,987.81,2258.0,4266.89,synthetic
dacia,sandero,2023,fender (f/l),246.89,746.21,1393.57,synthetic
dacia,sandero,2023,fender (f/r),332.83,783.56,1376.37,synthetic
dacia,sandero,2023,fender (r/l),296.64,962.2,1233.28,synthetic
dacia,sandero,2023,fender (r/r),285.61,737.8,1289.73,synthetic
dacia,sandero,2023,headlight (l),427.14,3122.02,5536.98,synthetic
dacia,sandero,2023,headlight (r),398.56,2692.19,5256.5,synthetic
dacia,sandero,2023,rear light (l),277.74,1558.76,2976.72,synthetic
dacia,sandero,2023,rear light (r),242.85,1817.87,3126.0,synthetic
dacia,sandero,2023,driver door(f/r),1349.33,3148.58,5632.19,synthetic
dacia,sandero,2023,passenger door (f/l),1140.82,2707.73,4859.36,synthetic
dacia,sandero,2023,passenger door (r/l),1161.36,2692.38,4296.85,synthetic
dacia,sandero,2023,passenger door (r/r),1316.12,2925.63,4333.34,synthetic
dacia,sandero,2024,front bumper,351.3,1292.89,1693.72,synthetic
dacia,sandero,2024,rear bumper,310.98,1042.31,1771.52,synthetic
dacia,sandero,2024,side bumper(l),205.73,563.56,993.0,synthetic
dacia,sandero,2024,side bumper(r),267.96,679.75,1114.04,synthetic
dacia,sandero,2024,car hood,676.11,2620.8,3809.26,synthetic
dacia,sandero,2024,car boot,939.46,2282.75,4002.7,synthetic
dacia,sandero,2024,fender (f/l),258.93,881.15,1313.12,synthetic
dacia,sandero,2024,fender (f/r),284.53,817.69,1472.13,synthetic
dacia,sandero,2024,fender (r/l),350.96,902.56,1534.29,synthetic
dacia,sandero,2024,fender (r/r),373.68,831.35,1310.19,synthetic
dacia,sandero,2024,headlight (l),483.93,2555.26,5434.26,synthetic
dacia,sandero,2024,headlight (r),,3192.57,4925.47,synthetic
dacia,sandero,2024,rear light (l),305.25,1691.57,3248.53,synthetic
dacia,sandero,2024,rear light (r),251.35,1856.01,3331.34,synthetic
dacia,sandero,2024,driver door(f/r),1129.89,3431.54,5257.52,synthetic
dacia,sandero,2024,passenger door (f/l),1450.72,2977.07,6026.72,synthetic
dacia,sandero,2024,passenger door (r/l),1018.71,3107.73,5417.9,synthetic
dacia,sandero,2024,passenger door (r/r),1308.42,3215.35,5202.28,synthetic
renault,clio,2018,front bumper,302.36,885.18,1343.65,synthetic
renault,clio,2018,rear bumper,310.89,682.57,1385.13,synthetic
renault,clio,2018,side bumper(l),,520.4,923.76,synthetic
renault,clio,2018,side bumper(r),194.21,478.99,925.56,synthetic
renault,clio,2018,car hood,706.62,1786.08,3260.67,synthetic
renault,clio,2018,car boot,667.9,2241.3,2986.64,synthetic
renault,clio,2018,fender (f/l),214.08,584.87,970.35,synthetic
renault,clio,2018,fender (f/r),224.63,704.5,967.34,synthetic
renault,clio,2018,fender (r/l),268.17,763.23,1090.41,synthetic
renault,clio,2018,fender (r/r),,726.4,1066.94,synthetic
renault,clio,2018,headlight (l),413.29,1952.55,4577.7,synthetic
renault,clio,2018,headlight (r),423.23,2484.37,4701.92,synthetic
renault,clio,2018,rear light (l),239.09,1269.52,2388.41,synthetic
renault,clio,2018,rear light (r),248.29,1497.95,2554.53,synthetic
renault,clio,2018,driver door(f/r),929.8,2763.89,3936.69,synthetic
renault,clio,2018,passenger door (f/l),904.17,2415.32,3994.68,synthetic
renault,clio,2018,passenger door (r/l),735.15,2027.21,4289.48,synthetic
renault,clio,2018,passenger door (r/r),858.36,2497.73,3580.34,synthetic
renault,clio,2019,front bumper,404.44,840.91,1524.44,synthetic
renault,clio,2019,rear bumper,335.84,846.99,1464.4,synthetic
renault,clio,2019,side bumper(l),232.59,506.46,1003.6,synthetic
renault,clio,2019,side bumper(r),202.78,552.9,848.56,synthetic
renault,clio,2019,car hood,575.55,1761.13,3457.4,synthetic
renault,clio,2019,car boot,640.07,2513.26,3963.04,synthetic
renault,clio,2019,fender (f/l),310.51,643.07,1137.35,synthetic
renault,clio,2019,fender (f/r),279.52,638.79,1254.81,synthetic
renault,clio,2019,fender (r/l),253.62,766.57,1258.66,synthetic
renault,clio,2019,fender (r/r),238.53,844.01,1161.94,synthetic
renault,clio,2019,headlight (l),449.26,2799.0,4930.23,synthetic
renault,clio,2019,headlight (r),412.94,2499.97,4086.38,synthetic
renault,clio,2019,rear light (l),221.4,1310.83,2730.99,synthetic
renault,clio,2019,rear light (r),,1294.06,2706.0,synthetic
renault,clio,2019,driver door(f/r),1182.45,2782.34,4514.87,synthetic
renault,clio,2019,passenger door (f/l),1171.45,2659.18,4729.8,synthetic
renault,clio,2019,passenger door (r/l),881.42,2850.34,4443.24,synthetic
renault,clio,2019,passenger door (r/r),1108.31,2841.64,4354.59,synthetic
renault,clio,2020,front bumper,420.55,1085.75,1717.95,synthetic
renault,clio,2020,rear bumper,,1023.69,1667.85,synthetic
renault,clio,2020,side bumper(l),236.01,525.73,935.84,synthetic
renault,clio,2020,side bumper(r),180.47,648.03,1052.07,synthetic
renault,clio,2020,car hood,558.58,1954.6,3577.66,synthetic
renault,clio,2020,car boot,879.24,2195.88,4022.95,synthetic
renault,clio,2020,fender (f/l),309.56,675.33,1331.28,synthetic
renault,clio,2020,fender (f/r),329.96,729.28,1292.68,synthetic
renault,clio,2020,fender (r/l),,921.13,1382.03,synthetic
renault,clio,2020,fender (r/r),281.86,865.18,1185.09,synthetic
renault,clio,2020,headlight (l),391.86,2740.74,4340.85,synthetic
renault,clio,2020,headlight (r),496.69,3016.83,5163.91,synthetic
renault,clio,2020,rear light (l),276.44,1300.88,2464.7,synthetic
renault,clio,2020,rear light (r),249.42,1640.37,2906.47,synthetic
renault,clio,2020,driver door(f/r),1012.76,3439.14,4785.69,synthetic
renault,clio,2020,passenger door (f/l),963.76,3257.49,5098.47,synthetic
renault,clio,2020,passenger door (r/l),869.6,2898.07,4619.58,synthetic
renault,clio,2020,passenger door (r/r),1232.28,2461.41,4382.06,synthetic
renault,clio,2021,front bumper,403.26,1146.88,1741.71,synthetic
renault,clio,2021,rear bumper,390.73,955.37,1791.61,synthetic
renault,clio,2021,side bumper(l),197.59,543.45,1079.51,synthetic
renault,clio,2021,side bumper(r),255.73,627.32,1158.64,synthetic
renault,clio,2021,car hood,853.7,2417.21,3961.88,synthetic
renault,clio,2021,car boot,,2625.39,3797.67,synthetic
renault,clio,2021,fender (f/l),347.7,847.04,1434.51,synthetic
renault,clio,2021,fender (f/r),252.04,726.38,1398.84,synthetic
renault,clio,2021,fender (r/l),288.15,868.28,1265.75,synthetic
renault,clio,2021,fender (r/r),297.11,948.19,1349.26,synthetic
renault,clio,2021,headlight (l),359.19,2464.57,5073.63,synthetic
renault,clio,2021,headlight (r),464.26,2650.5,5451.71,synthetic
renault,clio,2021,rear light (l),297.82,1397.91,2962.08,synthetic
renault,clio,2021,rear light (r),240.2,1858.72,2720.66,synthetic
renault,clio,2021,driver door(f/r),,3393.52,5282.56,synthetic
renault,clio,2021,passenger door (f/l),1107.77,3216.2,4692.87,synthetic
renault,clio,2021,passenger door (r/l),907.62,2567.26,4643.81,synthetic
renault,clio,2021,passenger door (r/r),1146.15,3105.84,5105.11,synthetic
renault,clio,2022,front bumper,384.53,1033.11,1963.04,synthetic
renault,clio,2022,rear bumper,283.19,1182.25,1555.05,synthetic
renault,clio,2022,side bumper(l),257.47,748.12,1165.77,synthetic
renault,clio,2022,side bumper(r),222.34,736.78,997.06,synthetic
renault,clio,2022,car hood,807.08,2602.17,3914.68,synthetic
renault,clio,2022,car boot,,2879.89,3989.87,synthetic
renault,clio,2022,fender (f/l),284.75,782.22,1552.8,synthetic
renault,clio,2022,fender (f/r),377.1,828.57,1316.84,synthetic
renault,clio,2022,fender (r/l),370.6,926.14,1524.79,synthetic
renault,clio,2022,fender (r/r),310.63,1064.62,1676.27,synthetic
renault,clio,2022,headlight (l),,3172.32,4974.78,synthetic
renault,clio,2022,headlight (r),429.14,2975.85,6034.01,synthetic
renault,clio,2022,rear light (l),312.8,1687.97,3050.86,synthetic
renault,clio,2022,rear light (r),340.74,1488.35,3447.06,synthetic
renault,clio,2022,driver door(f/r),1236.09,3635.74,5526.26,synthetic
renault,clio,2022,passenger door (f/l),1470.31,3325.62,5247.06,synthetic
renault,clio,2022,passenger door (r/l),1383.96,2856.85,5218.39,synthetic
renault,clio,2022,passenger door (r/r),1298.78,2782.62,5331.35,synthetic
renault,clio,2023,front bumper,410.13,1145.31,2244.08,synthetic
renault,clio,2023,rear bumper,421.99,1106.23,1735.89,synthetic
renault,clio,2023,side bumper(l),246.49,717.17,1136.27,synthetic
renault,clio,2023,side bumper(r),218.08,690.67,1308.49,synthetic
renault,clio,2023,car hood,892.66,2387.84,4475.66,synthetic
renault,clio,2023,car boot,,2816.41,4406.01,synthetic
renault,clio,2023,fender (f/l),291.62,929.48,1452.85,synthetic
renault,clio,2023,fender (f/r),326.71,854.34,1554.51,synthetic
renault,clio,2023,fender (r/l),320.38,884.8,1418.53,synthetic
renault,clio,2023,fender (r/r),393.82,975.32,1727.83,synthetic
renault,clio,2023,headlight (l),521.21,3544.66,5464.88,synthetic
renault,clio,2023,headlight (r),457.58,2767.87,5923.99,synthetic
renault,clio,2023,rear light (l),246.68,1623.6,3321.45,synthetic
renault,clio,2023,rear light (r),280.16,1835.17,2990.32,synthetic
renault,clio,2023,driver door(f/r),1605.61,4116.0,5181.37,synthetic
renault,clio,2023,passenger door (f/l),1418.79,4010.68,5816.13,synthetic
renault,clio,2023,passenger door (r/l),,3484.1,4911.06,synthetic
renault,clio,2023,passenger door (r/r),1163.2,3521.74,4991.32,synthetic
renault,clio,2024,front bumper,590.75,1154.13,2219.48,synthetic
renault,clio,2024,rear bumper,448.26,1058.63,2043.92,synthetic
renault,clio,2024,side bumper(l),313.78,796.29,1242.36,synthetic
renault,clio,2024,side bumper(r),305.71,770.79,1103.08,synthetic
renault,clio,2024,car hood,955.32,2805.07,4137.02,synthetic
renault,clio,2024,car boot,1020.36,3156.18,4503.28,synthetic
renault,clio,2024,fender (f/l),426.16,844.41,1781.45,synthetic
renault,clio,2024,fender (f/r),407.88,1059.55,1624.11,synthetic
renault,clio,2024,fender (r/l),449.88,1009.08,1617.16,synthetic
renault,clio,2024,fender (r/r),438.83,1120.71,1807.79,synthetic
renault,clio,2024,headlight (l),,2989.93,6282.37,synthetic
renault,clio,2024,headlight (r),495.42,3239.22,6061.11,synthetic
renault,clio,2024,rear light (l),305.43,1906.04,3328.26,synthetic
renault,clio,2024,rear light (r),284.81,1687.97,3640.19,synthetic
renault,clio,2024,driver door(f/r),1488.71,3776.58,6036.66,synthetic
renault,clio,2024,passenger door (f/l),1431.64,3794.55,5508.33,synthetic
renault,clio,2024,passenger door (r/l),1268.17,3401.13,5792.55,synthetic
renault,clio,2024,passenger door (r/r),1389.49,3786.33,6110.1,synthetic
renault,megane,2018,front bumper,,949.57,1668.58,synthetic
renault,megane,2018,rear bumper,349.47,1108.22,1548.42,synthetic
renault,megane,2018,side bumper(l),185.42,720.59,1012.61,synthetic
renault,megane,2018,side bumper(r),223.73,590.98,995.79,synthetic
renault,megane,2018,car hood,840.91,2276.43,3580.18,synthetic
renault,megane,2018,car boot,977.81,2376.06,4112.86,synthetic
renault,megane,2018,fender (f/l),261.74,869.83,1246.79,synthetic
renault,megane,2018,fender (f/r),325.09,727.7,1371.81,synthetic
renault,megane,2018,fender (r/l),391.11,873.17,1529.65,synthetic
renault,megane,2018,fender (r/r),269.73,912.55,1579.38,synthetic
renault,megane,2018,headlight (l),507.45,3178.5,4907.38,synthetic
renault,megane,2018,headlight (r),469.98,2773.93,5678.23,synthetic
renault,megane,2018,rear light (l),254.17,1505.94,3201.98,synthetic
renault,megane,2018,rear light (r),304.84,1597.59,3120.64,synthetic
renault,megane,2018,driver door(f/r),1259.45,3178.34,5359.13,synthetic
renault,megane,2018,passenger door (f/l),1313.7,3576.01,4893.09,synthetic
renault,megane,2018,passenger door (r/l),910.64,3088.68,4923.37,synthetic
renault,megane,2018,passenger door (r/r),1004.38,2865.54,4908.84,synthetic
renault,megane,2019,front bumper,542.1,1068.05,2035.05,synthetic
renault,megane,2019,rear bumper,346.16,1139.0,1864.3,synthetic
renault,megane,2019,side bumper(l),206.88,606.73,1195.06,synthetic
renault,megane,2019,side bumper(r),221.05,601.63,1021.23,synthetic
renault,megane,2019,car hood,710.17,2301.24,3784.31,synthetic
renault,megane,2019,car boot,804.59,2769.75,4065.29,synthetic
renault,megane,2019,fender (f/l),289.49,901.7,1591.0,synthetic
renault,megane,2019,fender (f/r),328.27,844.04,1399.56,synthetic
renault,megane,2019,fender (r/l),426.84,993.71,1560.34,synthetic
renault,megane,2019,fender (r/r),351.44,822.64,1562.01,synthetic
renault,megane,2019,headlight (l),422.88,3253.45,5263.03,synthetic
renault,megane,2019,headlight (r),407.59,3032.17,6018.59,synthetic
renault,megane,2019,rear light (l),310.84,1922.31,3572.17,synthetic
renault,megane,2019,rear light (r),279.86,1581.67,3622.96,synthetic
renault,megane,2019,driver door(f/r),1316.71,3840.39,5698.52,synthetic
renault,megane,2019,passenger door (f/l),1083.0,3749.73,5163.39,synthetic
renault,megane,2019,passenger door (r/l),1352.07,3399.86,4606.91,synthetic
renault,megane,2019,passenger door (r/r),1099.87,3065.25,4670.96,synthetic
renault,megane,2020,front bumper,497.68,1212.48,2036.38,synthetic
renault,megane,2020,rear bumper,398.2,1153.8,2106.65,synthetic
renault,megane,2020,side bumper(l),312.38,817.46,1132.79,synthetic
renault,megane,2020,side bumper(r),220.95,809.93,1183.1,synthetic
renault,megane,2020,car hood,998.08,2849.54,4652.79,synthetic
renault,megane,2020,car boot,868.99,2871.9,4490.26,synthetic
renault,megane,2020,fender (f/l),326.58,1093.55,1618.98,synthetic
renault,megane,2020,fender (f/r),296.85,1060.93,1724.89,synthetic
renault,megane,2020,fender (r/l),399.07,1098.76,1524.0,synthetic
renault,megane,2020,fender (r/r),,909.91,1600.45,synthetic
renault,megane,2020,headlight (l),422.99,2944.16,6766.89,synthetic
renault,megane,2020,headlight (r),619.26,3239.05,5814.95,synthetic
renault,megane,2020,rear light (l),305.62,1672.23,3597.62,synthetic
renault,megane,2020,rear light (r),,1982.06,3189.37,synthetic
renault,megane,2020,driver door(f/r),1548.33,3695.88,5444.21,synthetic
renault,megane,2020,passenger door (f/l),1145.77,3959.89,6796.95,synthetic
renault,megane,2020,passenger door (r/l),1118.25,3046.17,5305.11,synthetic
renault,megane,2020,passenger door (r/r),1405.31,2985.24,5580.59,synthetic
renault,megane,2021,front bumper,586.21,1423.98,2128.21,synthetic
renault,megane,2021,rear bumper,413.63,1200.38,1864.66,synthetic
renault,megane,2021,side bumper(l),273.4,718.08,1260.68,synthetic
renault,megane,2021,side bumper(r),,845.9,1386.15,synthetic
renault,megane,2021,car hood,898.81,2774.39,4113.42,synthetic
renault,megane,2021,car boot,1232.19,2817.76,5252.13,synthetic
renault,megane,2021,fender (f/l),299.4,943.57,1865.19,synthetic
renault,megane,2021,fender (f/r),440.39,1019.27,1517.21,synthetic
renault,megane,2021,fender (r/l),401.73,1200.51,1596.55,synthetic
renault,megane,2021,fender (r/r),351.92,1030.87,1867.66,synthetic
renault,megane,2021,headlight (l),530.3,3422.12,6446.64,synthetic
renault,megane,2021,headlight (r),645.51,4016.75,6958.26,synthetic
renault,megane,2021,rear light (l),359.99,1989.45,3500.97,synthetic
renault,megane,2021,rear light (r),272.99,2271.76,3685.61,synthetic
renault,megane,2021,driver door(f/r),1582.85,4473.02,6723.53,synthetic
renault,megane,2021,passenger door (f/l),1230.07,4021.08,5963.42,synthetic
renault,megane,2021,passenger door (r/l),1401.82,3872.12,5297.29,synthetic
renault,megane,2021,passenger door (r/r),,3201.92,5339.55,synthetic
renault,megane,2022,front bumper,655.63,1569.6,2292.32,synthetic
renault,megane,2022,rear bumper,409.41,1414.48,2262.35,synthetic
renault,megane,2022,side bumper(l),258.28,740.11,1439.32,synthetic
renault,megane,2022,side bumper(r),269.09,720.56,1247.01,synthetic
renault,megane,2022,car hood,909.0,3209.88,5098.1,synthetic
renault,megane,2022,car boot,1048.14,2983.68,5697.03,synthetic
renault,megane,2022,fender (f/l),418.79,1098.9,1586.1,synthetic
renault,megane,2022,fender (f/r),443.32,1021.31,1987.27,synthetic
renault,megane,2022,fender (r/l),449.96,1244.5,2021.75,synthetic
renault,megane,2022,fender (r/r),370.8,1102.1,2074.25,synthetic
renault,megane,2022,headlight (l),563.63,3685.34,6829.22,synthetic
renault,megane,2022,headlight (r),699.27,3469.35,6300.48,synthetic
renault,megane,2022,rear light (l),411.56,2252.61,3756.53,synthetic
renault,megane,2022,rear light (r),407.92,2382.55,4358.15,synthetic
renault,megane,2022,driver door(f/r),1745.59,4206.6,7498.81,synthetic
renault,megane,2022,passenger door (f/l),1759.16,4456.43,6393.5,synthetic
renault,megane,2022,passenger door (r/l),1772.89,4423.62,5641.33,synthetic
renault,megane,2022,passenger door (r/r),1266.25,4175.61,6819.24,synthetic
renault,megane,2023,front bumper,589.38,1712.84,2660.8,synthetic
renault,megane,2023,rear bumper,478.7,1389.48,2197.76,synthetic
renault,megane,2023,side bumper(l),338.8,992.46,1518.08,synthetic
renault,megane,2023,side bumper(r),272.17,882.21,1296.89,synthetic
renault,megane,2023,car hood,1145.11,3614.76,4744.96,synthetic
renault,megane,2023,car boot,1411.24,3253.02,5957.74,synthetic
renault,megane,2023,fender (f/l),439.49,1046.9,1824.4,synthetic
renault,megane,2023,fender (f/r),,983.56,2008.39,synthetic
renault,megane,2023,fender (r/l),507.41,1118.85,2214.33,synthetic
renault,megane,2023,fender (r/r),430.02,1099.1,1901.92,synthetic
renault,megane,2023,headlight (l),755.08,3832.37,7259.35,synthetic
renault,megane,2023,headlight (r),727.32,4101.37,7158.65,synthetic
renault,megane,2023,rear light (l),407.58,1947.86,4320.55,synthetic
renault,megane,2023,rear light (r),422.48,2009.51,4288.91,synthetic
renault,megane,2023,driver door(f/r),1775.64,3925.59,7491.09,synthetic
renault,megane,2023,passenger door (f/l),1720.76,4655.17,7661.29,synthetic
renault,megane,2023,passenger door (r/l),,4551.94,6717.19,synthetic
renault,megane,2023,passenger door (r/r),1296.89,3941.25,7179.48,synthetic
renault,megane,2024,front bumper,693.36,1651.31,2625.77,synthetic
renault,megane,2024,rear bumper,454.84,1436.2,2200.89,synthetic
renault,megane,2024,side bumper(l),346.08,1010.2,1739.86,synthetic
renault,megane,2024,side bumper(r),351.99,921.21,1604.79,synthetic
renault,megane,2024,car hood,940.54,3239.99,6002.62,synthetic
renault,megane,2024,car boot,1370.29,3873.37,5745.29,synthetic
renault,megane,2024,fender (f/l),414.61,1047.45,1769.84,synthetic
renault,megane,2024,fender (f/r),403.7,1227.62,1901.48,synthetic
renault,megane,2024,fender (r/l),441.38,1271.29,2297.66,synthetic
renault,megane,2024,fender (r/r),427.08,1416.61,2087.84,synthetic
renault,megane,2024,headlight (l),568.36,3687.29,8195.06,synthetic
renault,megane,2024,headlight (r),649.18,4508.42,8265.13,synthetic
renault,megane,2024,rear light (l),417.22,2155.09,4707.87,synthetic
renault,megane,2024,rear light (r),472.59,2106.89,3968.0,synthetic
renault,megane,2024,driver door(f/r),1606.72,4410.7,8527.58,synthetic
renault,megane,2024,passenger door (f/l),1613.99,5144.43,7676.27,synthetic
renault,megane,2024,passenger door (r/l),,4368.15,6308.83,synthetic
renault,megane,2024,passenger door (r/r),1935.69,3909.98,7159.28,synthetic
peugeot,208,2018,front bumper,328.63,1035.95,1327.86,synthetic
peugeot,208,2018,rear bumper,,839.89,1519.15,synthetic
peugeot,208,2018,side bumper(l),181.41,493.03,923.47,synthetic
peugeot,208,2018,side bumper(r),169.24,555.82,811.6,synthetic
peugeot,208,2018,car hood,615.98,2140.5,3206.4,synthetic
peugeot,208,2018,car boot,634.23,1902.67,3269.27,synthetic
peugeot,208,2018,fender (f/l),285.06,700.13,1131.32,synthetic
peugeot,208,2018,fender (f/r),286.01,733.46,1008.27,synthetic
peugeot,208,2018,fender (r/l),279.79,639.49,1175.62,synthetic
peugeot,208,2018,fender (r/r),238.24,829.03,1287.24,synthetic
peugeot,208,2018,headlight (l),369.34,2312.13,4533.52,synthetic
peugeot,208,2018,headlight (r),309.34,2383.91,4696.72,synthetic
peugeot,208,2018,rear light (l),184.68,1479.52,2320.82,synthetic
peugeot,208,2018,rear light (r),194.82,1293.1,2654.05,synthetic
peugeot,208,2018,driver door(f/r),881.95,2992.13,4773.56,synthetic
peugeot,208,2018,passenger door (f/l),895.52,2648.19,4884.24,synthetic
peugeot,208,2018,passenger door (r/l),760.19,2146.73,3965.37,synthetic
peugeot,208,2018,passenger door (r/r),952.01,2467.13,3621.25,synthetic
peugeot,208,2019,front bumper,426.7,963.16,1727.16,synthetic
peugeot,208,2019,rear bumper,261.81,897.24,1409.14,synthetic
peugeot,208,2019,side bumper(l),208.79,596.91,1012.57,synthetic
peugeot,208,2019,side bumper(r),236.12,579.44,867.42,synthetic
peugeot,208,2019,car hood,754.18,1913.68,3664.32,synthetic
peugeot,208,2019,car boot,737.72,2627.9,3454.05,synthetic
peugeot,208,2019,fender (f/l),235.9,830.26,1259.99,synthetic
peugeot,208,2019,fender (f/r),263.55,768.18,1093.54,synthetic
peugeot,208,2019,fender (r/l),333.07,790.98,1426.28,synthetic
peugeot,208,2019,fender (r/r),354.51,829.53,1323.95,synthetic
peugeot,208,2019,headlight (l),,2509.2,4341.97,synthetic
peugeot,208,2019,headlight (r),414.68,2586.08,4973.75,synthetic
peugeot,208,2019,rear light (l),202.12,1573.69,2497.44,synthetic
peugeot,208,2019,rear light (r),274.01,1489.51,2836.24,synthetic
peugeot,208,2019,driver door(f/r),1067.54,3182.57,4678.81,synthetic
peugeot,208,2019,passenger door (f/l),1077.5,3188.32,4538.13,synthetic
peugeot,208,2019,passenger door (r/l),1098.37,2926.99,3905.94,synthetic
peugeot,208,2019,passenger door (r/r),867.5,2544.62,4268.52,synthetic
peugeot,208,2020,front bumper,430.55,1111.93,1678.35,synthetic
peugeot,208,2020,rear bumper,315.34,1094.55,1646.35,synthetic
peugeot,208,2020,side bumper(l),,583.92,1060.39,synthetic
peugeot,208,2020,side bumper(r),189.21,682.02,948.54,synthetic
peugeot,208,2020,car hood,660.99,2268.23,3793.91,synthetic
peugeot,208,2020,car boot,802.25,2252.5,3605.14,synthetic
peugeot,208,2020,fender (f/l),307.77,902.36,1421.26,synthetic
peugeot,208,2020,fender (f/r),323.46,836.97,1229.92,synthetic
peugeot,208,2020,fender (r/l),340.79,863.63,1248.89,synthetic
peugeot,208,2020,fender (r/r),313.94,941.02,1392.92,synthetic
peugeot,208,2020,headlight (l),,2433.26,4980.66,synthetic
peugeot,208,2020,headlight (r),476.74,3100.54,4807.09,synthetic
peugeot,208,2020,rear light (l),239.31,1775.27,3076.76,synthetic
peugeot,208,2020,rear light (r),210.68,1799.94,3057.76,synthetic
peugeot,208,2020,driver door(f/r),1312.84,2913.17,5529.01,synthetic
peugeot,208,2020,passenger door (f/l),1254.51,3155.56,4583.58,synthetic
peugeot,208,2020,passenger door (r/l),875.4,2836.92,4418.69,synthetic
peugeot,208,2020,passenger door (r/r),,2691.86,4910.82,synthetic
peugeot,208,2021,front bumper,503.94,1268.21,1934.91,synthetic
peugeot,208,2021,rear bumper,394.51,926.43,1532.71,synthetic
peugeot,208,2021,side bumper(l),259.9,566.79,1106.56,synthetic
peugeot,208,2021,side bumper(r),265.58,662.99,971.37,synthetic
peugeot,208,2021,car hood,805.68,2056.42,3497.29,synthetic
peugeot,208,2021,car boot,992.94,2895.3,4734.74,synthetic
peugeot,208,2021,fender (f/l),312.16,834.71,1333.71,synthetic
peugeot,208,2021,fender (f/r),343.96,878.57,1526.42,synthetic
peugeot,208,2021,fender (r/l),355.61,942.47,1504.91,synthetic
peugeot,208,2021,fender (r/r),305.19,910.11,1332.63,synthetic
peugeot,208,2021,headlight (l),462.71,3079.49,6011.59,synthetic
peugeot,208,2021,headlight (r),,2950.54,5599.6,synthetic
peugeot,208,2021,rear light (l),,1619.48,3079.54,synthetic
peugeot,208,2021,rear light (r),238.83,1576.38,3450.82,synthetic
peugeot,208,2021,driver door(f/r),1231.09,3028.67,5569.24,synthetic
peugeot,208,2021,passenger door (f/l),,3349.07,4781.17,synthetic
peugeot,208,2021,passenger door (r/l),1031.87,2635.79,4493.39,synthetic
peugeot,208,2021,passenger door (r/r),1303.2,3127.42,4975.08,synthetic
peugeot,208,2022,front bumper,541.79,1183.28,1783.79,synthetic
peugeot,208,2022,rear bumper,306.93,1038.43,1818.23,synthetic
peugeot,208,2022,side bumper(l),246.86,743.8,1291.61,synthetic
peugeot,208,2022,side bumper(r),225.2,679.07,1133.33,synthetic
peugeot,208,2022,car hood,959.51,2633.92,4231.83,synthetic
peugeot,208,2022,car boot,,3187.93,4976.14,synthetic
peugeot,208,2022,fender (f/l),,785.3,1398.61,synthetic
peugeot,208,2022,fender (f/r),343.7,958.3,1347.6,synthetic
peugeot,208,2022,fender (r/l),356.65,927.33,1424.93,synthetic
peugeot,208,2022,fender (r/r),399.47,841.02,1409.56,synthetic
peugeot,208,2022,headlight (l),582.46,3293.54,6022.64,synthetic
peugeot,208,2022,headlight (r),513.54,2674.28,5963.63,synthetic
peugeot,208,2022,rear light (l),310.37,2000.13,3477.39,synthetic
peugeot,208,2022,rear light (r),344.81,1564.57,3326.9,synthetic
peugeot,208,2022,driver door(f/r),1062.18,3464.52,5490.93,synthetic
peugeot,208,2022,passenger door (f/l),1360.76,3061.92,5252.48,synthetic
peugeot,208,2022,passenger door (r/l),1159.87,3482.8,5472.98,synthetic
peugeot,208,2022,passenger door (r/r),1332.78,3190.25,5499.18,synthetic
peugeot,208,2023,front bumper,452.04,1407.27,2073.0,synthetic
peugeot,208,2023,rear bumper,434.65,1278.9,2117.49,synthetic
peugeot,208,2023,side bumper(l),243.48,762.09,1187.12,synthetic
peugeot,208,2023,side bumper(r),284.09,785.79,1188.12,synthetic
peugeot,208,2023,car hood,850.69,2343.54,4784.6,synthetic
peugeot,208,2023,car boot,904.87,2551.46,5071.49,synthetic
peugeot,208,2023,fender (f/l),327.68,838.83,1540.84,synthetic
peugeot,208,2023,fender (f/r),374.8,993.04,1523.82,synthetic
peugeot,208,2023,fender (r/l),460.16,1009.62,1737.62,synthetic
peugeot,208,2023,fender (r/r),382.78,878.64,1664.68,synthetic
peugeot,208,2023,headlight (l),500.68,2865.15,5435.51,synthetic
peugeot,208,2023,headlight (r),453.61,2849.54,6501.63,synthetic
peugeot,208,2023,rear light (l),288.44,2136.45,3177.56,synthetic
peugeot,208,2023,rear light (r),291.56,2129.76,3586.47,synthetic
peugeot,208,2023,driver door(f/r),1671.05,3523.66,6802.87,synthetic
peugeot,208,2023,passenger door (f/l),1335.89,3582.34,6185.87,synthetic
peugeot,208,2023,passenger door (r/l),1340.7,3499.49,5952.0,synthetic
peugeot,208,2023,passenger door (r/r),1281.23,3251.29,5276.55,synthetic
peugeot,208,2024,front bumper,426.34,1304.29,2097.59,synthetic
peugeot,208,2024,rear bumper,416.39,1165.06,2074.3,synthetic
peugeot,208,2024,side bumper(l),271.29,816.03,1291.55,synthetic
peugeot,208,2024,side bumper(r),332.32,875.96,1333.35,synthetic
peugeot,208,2024,car hood,,2526.34,4508.6,synthetic
peugeot,208,2024,car boot,1099.14,3185.59,4841.54,synthetic
peugeot,208,2024,fender (f/l),430.6,1085.31,1678.34,synthetic
peugeot,208,2024,fender (f/r),315.34,1106.18,1515.08,synthetic
peugeot,208,2024,fender (r/l),370.49,1204.68,1944.8,synthetic
peugeot,208,2024,fender (r/r),400.92,1238.41,1750.5,synthetic
peugeot,208,2024,headlight (l),574.7,3383.54,6142.11,synthetic
peugeot,208,2024,headlight (r),613.12,3395.36,6492.52,synthetic
peugeot,208,2024,rear light (l),343.29,2237.66,4126.9,synthetic
peugeot,208,2024,rear light (r),376.63,2176.53,3765.29,synthetic
peugeot,208,2024,driver door(f/r),1302.68,3511.25,7025.06,synthetic
peugeot,208,2024,passenger door (f/l),1685.41,4446.55,5795.06,synthetic
peugeot,208,2024,passenger door (r/l),1358.82,3665.19,6099.86,synthetic
peugeot,208,2024,passenger door (r/r),1120.61,3628.37,6186.72,synthetic
peugeot,308,2018,front bumper,467.42,1021.21,1770.45,synthetic
peugeot,308,2018,rear bumper,382.53,955.1,1586.62,synthetic
peugeot,308,2018,side bumper(l),186.82,757.13,1131.04,synthetic
peugeot,308,2018,side bumper(r),213.4,562.77,1146.94,synthetic
peugeot,308,2018,car hood,849.55,2075.89,4110.69,synthetic
peugeot,308,2018,car boot,988.98,2845.36,4700.31,synthetic
peugeot,308,2018,fender (f/l),258.99,849.34,1253.6,synthetic
peugeot,308,2018,fender (f/r),298.48,741.51,1344.39,synthetic
peugeot,308,2018,fender (r/l),383.04,1028.53,1321.36,synthetic
peugeot,308,2018,fender (r/r),344.08,852.23,1322.96,synthetic
peugeot,308,2018,headlight (l),,3127.96,4839.39,synthetic
peugeot,308,2018,headlight (r),446.93,2764.14,5076.56,synthetic
peugeot,308,2018,rear light (l),312.87,1907.05,3029.4,synthetic
peugeot,308,2018,rear light (r),259.08,1677.56,2896.17,synthetic
peugeot,308,2018,driver door(f/r),1477.57,3435.97,5239.87,synthetic
peugeot,308,2018,passenger door (f/l),1052.97,3721.06,5429.02,synthetic
peugeot,308,2018,passenger door (r/l),1202.43,3175.85,4450.24,synthetic
peugeot,308,2018,passenger door (r/r),1042.5,3257.74,5343.95,synthetic
peugeot,308,2019,front bumper,478.56,1246.26,1836.63,synthetic
peugeot,308,2019,rear bumper,334.61,1103.74,1746.06,synthetic
peugeot,308,2019,side bumper(l),264.11,616.33,1241.73,synthetic
peugeot,308,2019,side bumper(r),200.89,713.83,1044.36,synthetic
peugeot,308,2019,car hood,,2181.57,4525.83,synthetic
peugeot,308,2019,car boot,902.68,3051.47,4480.52,synthetic
peugeot,308,2019,fender (f/l),316.08,857.28,1630.52,synthetic
peugeot,308,2019,fender (f/r),373.49,1028.94,1482.67,synthetic
peugeot,308,2019,fender (r/l),350.21,1115.63,1433.54,synthetic
peugeot,308,2019,fender (r/r),367.37,946.28,1640.95,synthetic
peugeot,308,2019,headlight (l),402.64,2862.81,6158.58,synthetic
peugeot,308,2019,headlight (r),595.82,3429.68,6492.86,synthetic
peugeot,308,2019,rear light (l),276.98,1608.64,3574.45,synthetic
peugeot,308,2019,rear light (r),246.86,1748.05,3715.05,synthetic
peugeot,308,2019,driver door(f/r),1303.16,3553.43,5449.64,synthetic
peugeot,308,2019,passenger door (f/l),1269.46,3115.76,6235.24,synthetic
peugeot,308,2019,passenger door (r/l),1417.3,3653.64,4986.53,synthetic
peugeot,308,2019,passenger door (r/r),1241.58,3683.21,4991.35,synthetic
peugeot,308,2020,front bumper,525.14,1248.81,1969.42,synthetic
peugeot,308,2020,rear bumper,433.31,1121.04,2046.55,synthetic
peugeot,308,2020,side bumper(l),292.7,695.2,1376.47,synthetic
peugeot,308,2020,side bumper(r),255.44,662.84,1141.25,synthetic
peugeot,308,2020,car hood,815.43,2968.44,3971.45,synthetic
peugeot,308,2020,car boot,1008.61,2615.83,4580.54,synthetic
peugeot,308,2020,fender (f/l),358.57,960.51,1630.22,synthetic
peugeot,308,2020,fender (f/r),289.11,978.25,1798.21,synthetic
peugeot,308,2020,fender (r/l),423.65,992.46,1820.42,synthetic
peugeot,308,2020,fender (r/r),,1202.04,1554.6,synthetic
peugeot,308,2020,headlight (l),597.69,3730.99,5719.39,synthetic
peugeot,308,2020,headlight (r),435.31,3204.37,6705.53,synthetic
peugeot,308,2020,rear light (l),303.98,1884.41,3165.65,synthetic
peugeot,308,2020,rear light (r),,2238.62,3895.53,synthetic
peugeot,308,2020,driver door(f/r),1667.72,4194.13,6716.46,synthetic
peugeot,308,2020,passenger door (f/l),1379.72,3637.14,5637.06,synthetic
peugeot,308,2020,passenger door (r/l),1211.82,3534.09,6095.29,synthetic
peugeot,308,2020,passenger door (r/r),1110.0,4038.74,6364.94,synthetic
peugeot,308,2021,front bumper,,1441.26,2562.56,synthetic
peugeot,308,2021,rear bumper,400.12,1164.01,1959.86,synthetic
peugeot,308,2021,side bumper(l),302.42,885.79,1370.68,synthetic
peugeot,308,2021,side bumper(r),324.18,850.17,1309.29,synthetic
peugeot,308,2021,car hood,868.71,2749.11,5286.44,synthetic
peugeot,308,2021,car boot,,3649.82,5649.89,synthetic
peugeot,308,2021,fender (f/l),330.17,901.02,1784.15,synthetic
peugeot,308,2021,fender (f/r),328.17,1202.32,1742.11,synthetic
peugeot,308,2021,fender (r/l),422.94,1184.96,1640.2,synthetic
peugeot,308,2021,fender (r/r),474.76,1110.76,1846.31,synthetic
peugeot,308,2021,headlight (l),471.41,3285.62,6639.08,synthetic
peugeot,308,2021,headlight (r),472.81,4028.28,7503.88,synthetic
peugeot,308,2021,rear light (l),394.92,1932.81,4268.96,synthetic
peugeot,308,2021,rear light (r),408.43,2405.97,4039.33,synthetic
peugeot,308,2021,driver door(f/r),1580.37,3834.21,6625.28,synthetic
peugeot,308,2021,passenger door (f/l),1275.03,4283.97,7503.85,synthetic
peugeot,308,2021,passenger door (r/l),1610.21,4260.46,6805.35,synthetic
peugeot,308,2021,passenger door (r/r),1453.87,4339.5,6530.21,synthetic
peugeot,308,2022,front bumper,567.59,1613.21,2306.32,synthetic
peugeot,308,2022,rear bumper,480.12,1213.72,2285.76,synthetic
peugeot,308,2022,side bumper(l),306.76,742.27,1263.44,synthetic
peugeot,308,2022,side bumper(r),359.22,798.77,1478.38,synthetic
peugeot,308,2022,car hood,950.03,3389.44,5395.95,synthetic
peugeot,308,2022,car boot,1192.59,2986.91,5702.53,synthetic
peugeot,308,2022,fender (f/l),346.76,1054.03,1796.25,synthetic
peugeot,308,2022,fender (f/r),489.94,971.67,1956.75,synthetic
peugeot,308,2022,fender (r/l),430.76,1288.21,2138.89,synthetic
peugeot,308,2022,fender (r/r),464.01,1145.61,2077.84,synthetic
peugeot,308,2022,headlight (l),629.53,3722.47,7430.19,synthetic
peugeot,308,2022,headlight (r),538.08,4375.16,6476.64,synthetic
peugeot,308,2022,rear light (l),327.16,1921.66,3636.33,synthetic
peugeot,308,2022,rear light (r),422.31,2084.61,4534.39,synthetic
peugeot,308,2022,driver door(f/r),1595.3,4504.59,7189.7,synthetic
peugeot,308,2022,passenger door (f/l),1494.4,4204.98,7838.31,synthetic
peugeot,308,2022,passenger door (r/l),1775.45,3943.2,6987.75,synthetic
peugeot,308,2022,passenger door (r/r),1532.99,3682.85,6690.4,synthetic
peugeot,308,2023,front bumper,,1776.83,2420.93,synthetic
peugeot,308,2023,rear bumper,395.1,1621.59,2390.96,synthetic
peugeot,308,2023,side bumper(l),365.98,1015.16,1457.82,synthetic
peugeot,308,2023,side bumper(r),360.8,965.04,1391.99,synthetic
peugeot,308,2023,car hood,,3042.58,5327.65,synthetic
peugeot,308,2023,car boot,1108.19,3982.88,5346.9,synthetic
peugeot,308,2023,fender (f/l),437.91,1034.04,2174.74,synthetic
peugeot,308,2023,fender (f/r),,1123.3,1826.64,synthetic
peugeot,308,2023,fender (r/l),521.2,1447.24,1925.09,synthetic
peugeot,308,2023,fender (r/r),523.59,1402.14,2023.22,synthetic
peugeot,308,2023,headlight (l),605.51,4385.99,8172.43,synthetic
peugeot,308,2023,headlight (r),617.39,4620.16,8154.04,synthetic
peugeot,308,2023,rear light (l),430.32,2289.51,4434.41,synthetic
peugeot,308,2023,rear light (r),324.74,2396.87,4558.03,synthetic
peugeot,308,2023,driver door(f/r),,4782.75,8419.31,synthetic
peugeot,308,2023,passenger door (f/l),1573.04,4807.64,7224.17,synthetic
peugeot,308,2023,passenger door (r/l),1796.11,3774.69,6967.09,synthetic
peugeot,308,2023,passenger door (r/r),1542.4,4842.37,7489.81,synthetic
peugeot,308,2024,front bumper,697.39,1678.06,3030.94,synthetic
peugeot,308,2024,rear bumper,550.9,1678.32,2386.57,synthetic
peugeot,308,2024,side bumper(l),302.15,929.71,1542.45,synthetic
peugeot,308,2024,side bumper(r),393.17,1033.79,1693.31,synthetic
peugeot,308,2024,car hood,1352.13,3437.14,5570.54,synthetic
peugeot,308,2024,car boot,,4174.09,6244.93,synthetic
peugeot,308,2024,fender (f/l),521.01,1076.77,2165.53,synthetic
peugeot,308,2024,fender (f/r),447.36,1161.38,2166.11,synthetic
peugeot,308,2024,fender (r/l),514.05,1530.02,1944.81,synthetic
peugeot,308,2024,fender (r/r),548.78,1487.99,2011.54,synthetic
peugeot,308,2024,headlight (l),702.71,4223.34,7319.33,synthetic
peugeot,308,2024,headlight (r),593.85,4109.88,7624.43,synthetic
peugeot,308,2024,rear light (l),441.45,2723.01,4313.24,synthetic
peugeot,308,2024,rear light (r),,2750.13,5035.15,synthetic
peugeot,308,2024,driver door(f/r),1962.94,4268.98,8123.15,synthetic
peugeot,308,2024,passenger door (f/l),1693.36,4714.53,8262.73,synthetic
peugeot,308,2024,passenger door (r/l),1880.64,4400.88,6580.33,synthetic
peugeot,308,2024,passenger door (r/r),1573.06,4439.27,7667.51,synthetic
volkswagen,polo,2018,front bumper,322.47,996.81,1859.2,synthetic
volkswagen,polo,2018,rear bumper,329.13,960.67,1428.75,synthetic
volkswagen,polo,2018,side bumper(l),231.08,523.85,927.75,synthetic
volkswagen,polo,2018,side bumper(r),204.29,680.75,878.28,synthetic
volkswagen,polo,2018,car hood,610.22,2396.53,3175.17,synthetic
volkswagen,polo,2018,car boot,919.93,2526.05,3847.3,synthetic
volkswagen,polo,2018,fender (f/l),268.53,715.55,1170.89,synthetic
volkswagen,polo,2018,fender (f/r),254.08,720.9,1307.4,synthetic
volkswagen,polo,2018,fender (r/l),320.77,715.06,1194.53,synthetic
volkswagen,polo,2018,fender (r/r),283.03,718.77,1361.62,synthetic
volkswagen,polo,2018,headlight (l),444.95,2474.39,4329.77,synthetic
volkswagen,polo,2018,headlight (r),378.15,2800.47,5143.0,synthetic
volkswagen,polo,2018,rear light (l),233.14,1421.21,2865.63,synthetic
volkswagen,polo,2018,rear light (r),297.03,1345.58,2568.04,synthetic
volkswagen,polo,2018,driver door(f/r),1225.97,3355.84,4550.3,synthetic
volkswagen,polo,2018,passenger door (f/l),,3172.64,4791.99,synthetic
volkswagen,polo,2018,passenger door (r/l),1084.83,2560.2,4426.51,synthetic
volkswagen,polo,2018,passenger door (r/r),1007.59,3046.87,4145.12,synthetic
volkswagen,polo,2019,front bumper,504.14,985.25,1600.29,synthetic
volkswagen,polo,2019,rear bumper,278.44,1072.28,1828.67,synthetic
volkswagen,polo,2019,side bumper(l),,629.95,1115.16,synthetic
volkswagen,polo,2019,side bumper(r),234.92,664.44,1093.38,synthetic
volkswagen,polo,2019,car hood,820.73,1989.98,3507.18,synthetic
volkswagen,polo,2019,car boot,993.83,2195.44,3977.93,synthetic
volkswagen,polo,2019,fender (f/l),274.68,768.62,1217.92,synthetic
volkswagen,polo,2019,fender (f/r),330.55,858.23,1417.26,synthetic
volkswagen,polo,2019,fender (r/l),392.71,974.34,1541.58,synthetic
volkswagen,polo,2019,fender (r/r),390.21,896.26,1333.08,synthetic
volkswagen,polo,2019,headlight (l),,3077.85,5319.24,synthetic
volkswagen,polo,2019,headlight (r),430.21,3235.43,5399.26,synthetic
volkswagen,polo,2019,rear light (l),247.0,1583.04,3310.93,synthetic
volkswagen,polo,2019,rear light (r),303.45,1625.51,3118.53,synthetic
volkswagen,polo,2019,driver door(f/r),1309.01,3180.19,5219.03,synthetic
volkswagen,polo,2019,passenger door (f/l),1420.69,2825.6,5704.45,synthetic
volkswagen,polo,2019,passenger door (r/l),1108.56,2557.9,4607.37,synthetic
volkswagen,polo,2019,passenger door (r/r),932.68,2978.22,5334.37,synthetic
volkswagen,polo,2020,front bumper,502.82,1169.19,2021.38,synthetic
volkswagen,polo,2020,rear bumper,308.62,962.66,1602.25,synthetic
volkswagen,polo,2020,side bumper(l),259.6,769.23,1222.5,synthetic
volkswagen,polo,2020,side bumper(r),205.64,646.55,1084.91,synthetic
volkswagen,polo,2020,car hood,816.87,2461.98,3920.55,synthetic
volkswagen,polo,2020,car boot,1102.46,3000.4,4337.44,synthetic
volkswagen,polo,2020,fender (f/l),383.63,846.77,1410.53,synthetic
volkswagen,polo,2020,fender (f/r),382.11,994.04,1322.19,synthetic
volkswagen,polo,2020,fender (r/l),364.91,950.93,1429.45,synthetic
volkswagen,polo,2020,fender (r/r),382.57,1046.35,1675.64,synthetic
volkswagen,polo,2020,headlight (l),475.35,3187.93,5220.68,synthetic
volkswagen,polo,2020,headlight (r),424.69,3265.14,5315.13,synthetic
volkswagen,polo,2020,rear light (l),253.18,1505.69,3418.51,synthetic
volkswagen,polo,2020,rear light (r),,1590.33,2923.37,synthetic
volkswagen,polo,2020,driver door(f/r),1125.5,3901.01,5331.41,synthetic
volkswagen,polo,2020,passenger door (f/l),1094.11,3200.78,5710.23,synthetic
volkswagen,polo,2020,passenger door (r/l),1093.94,2781.84,5060.89,synthetic
volkswagen,polo,2020,passenger door (r/r),1081.37,3649.89,5341.85,synthetic
volkswagen,polo,2021,front bumper,469.7,1257.26,2103.65,synthetic
volkswagen,polo,2021,rear bumper,412.8,1032.91,1909.65,synthetic
volkswagen,polo,2021,side bumper(l),298.99,766.89,1224.68,synthetic
volkswagen,polo,2021,side bumper(r),271.4,653.07,1167.72,synthetic
volkswagen,polo,2021,car hood,934.69,2374.52,4227.36,synthetic
volkswagen,polo,2021,car boot,,2958.11,4766.62,synthetic
volkswagen,polo,2021,fender (f/l),387.86,831.36,1552.75,synthetic
volkswagen,polo,2021,fender (f/r),,1008.83,1469.88,synthetic
volkswagen,polo,2021,fender (r/l),416.06,1026.42,1782.24,synthetic
volkswagen,polo,2021,fender (r/r),434.37,1011.02,1583.35,synthetic
volkswagen,polo,2021,headlight (l),510.65,2985.16,6593.64,synthetic
volkswagen,polo,2021,headlight (r),513.78,2878.55,5912.42,synthetic
volkswagen,polo,2021,rear light (l),362.7,1723.91,3111.17,synthetic
volkswagen,polo,2021,rear light (r),,1915.95,3862.03,synthetic
volkswagen,polo,2021,driver door(f/r),1471.19,3255.52,5894.4,synthetic
volkswagen,polo,2021,passenger door (f/l),1351.84,4289.11,6162.12,synthetic
volkswagen,polo,2021,passenger door (r/l),,3274.85,5385.26,synthetic
volkswagen,polo,2021,passenger door (r/r),1234.07,3391.82,5852.16,synthetic
volkswagen,polo,2022,front bumper,560.65,1165.82,2067.34,synthetic
volkswagen,polo,2022,rear bumper,403.96,1038.67,2181.35,synthetic
volkswagen,polo,2022,side bumper(l),282.57,683.25,1376.34,synthetic
volkswagen,polo,2022,side bumper(r),308.46,844.72,1387.67,synthetic
volkswagen,polo,2022,car hood,791.06,2914.33,4753.58,synthetic
volkswagen,polo,2022,car boot,962.39,2854.12,5659.23,synthetic
volkswagen,polo,2022,fender (f/l),429.95,1095.29,1701.98,synthetic
volkswagen,polo,2022,fender (f/r),427.13,1040.43,1716.05,synthetic
volkswagen,polo,2022,fender (r/l),402.32,1151.26,1659.09,synthetic
volkswagen,polo,2022,fender (r/r),376.28,997.24,1635.48,synthetic
volkswagen,polo,2022,headlight (l),,3518.64,5983.55,synthetic
volkswagen,polo,2022,headlight (r),597.9,3387.74,6967.58,synthetic
volkswagen,polo,2022,rear light (l),372.06,1876.51,3866.63,synthetic
volkswagen,polo,2022,rear light (r),391.06,2096.73,3540.33,synthetic
volkswagen,polo,2022,driver door(f/r),1295.63,4205.2,6031.36,synthetic
volkswagen,polo,2022,passenger door (f/l),1339.21,4166.26,6956.89,synthetic
volkswagen,polo,2022,passenger door (r/l),1530.62,3307.87,5329.41,synthetic
volkswagen,polo,2022,passenger door (r/r),1313.01,3575.72,5248.18,synthetic
volkswagen,polo,2023,front bumper,446.43,1615.39,2207.15,synthetic
volkswagen,polo,2023,rear bumper,351.68,1358.35,2064.43,synthetic
volkswagen,polo,2023,side bumper(l),339.64,789.34,1504.03,synthetic
volkswagen,polo,2023,side bumper(r),332.27,919.18,1289.35,synthetic
volkswagen,polo,2023,car hood,810.36,2582.72,5486.7,synthetic
volkswagen,polo,2023,car boot,1292.75,3638.54,5959.56,synthetic
volkswagen,polo,2023,fender (f/l),351.47,929.35,1726.4,synthetic
volkswagen,polo,2023,fender (f/r),317.12,1032.86,1884.12,synthetic
volkswagen,polo,2023,fender (r/l),,1199.69,1742.24,synthetic
volkswagen,polo,2023,fender (r/r),,1189.17,1979.22,synthetic
volkswagen,polo,2023,headlight (l),667.29,3857.53,6964.37,synthetic
volkswagen,polo,2023,headlight (r),673.71,3821.13,6993.28,synthetic
volkswagen,polo,2023,rear light (l),389.03,2099.41,4115.12,synthetic
volkswagen,polo,2023,rear light (r),314.54,2198.47,4322.83,synthetic
volkswagen,polo,2023,driver door(f/r),1468.84,4248.99,6385.24,synthetic
volkswagen,polo,2023,passenger door (f/l),1869.76,4403.01,7361.19,synthetic
volkswagen,polo,2023,passenger door (r/l),1524.78,3352.3,6203.91,synthetic
volkswagen,polo,2023,passenger door (r/r),1574.39,3723.66,6936.87,synthetic
volkswagen,polo,2024,front bumper,580.24,1621.08,2604.04,synthetic
volkswagen,polo,2024,rear bumper,414.87,1226.48,2353.56,synthetic
volkswagen,polo,2024,side bumper(l),270.94,934.79,1434.8,synthetic
volkswagen,polo,2024,side bumper(r),352.74,793.35,1283.02,synthetic
volkswagen,polo,2024,car hood,1081.46,3294.14,5600.39,synthetic
volkswagen,polo,2024,car boot,1472.41,3560.37,5785.58,synthetic
volkswagen,polo,2024,fender (f/l),357.0,1164.42,1765.0,synthetic
volkswagen,polo,2024,fender (f/r),,1171.34,1799.87,synthetic
volkswagen,polo,2024,fender (r/l),370.46,1184.24,1772.14,synthetic
volkswagen,polo,2024,fender (r/r),525.31,1351.36,2043.54,synthetic
volkswagen,polo,2024,headlight (l),711.86,4392.79,6724.03,synthetic
volkswagen,polo,2024,headlight (r),,4294.23,8117.43,synthetic
volkswagen,polo,2024,rear light (l),432.24,2341.57,4614.81,synthetic
volkswagen,polo,2024,rear light (r),,1961.98,3980.18,synthetic
volkswagen,polo,2024,driver door(f/r),1972.77,4878.42,7865.6,synthetic
volkswagen,polo,2024,passenger door (f/l),1382.51,4301.91,6505.39,synthetic
volkswagen,polo,2024,passenger door (r/l),1385.77,4054.27,6262.11,synthetic
volkswagen,polo,2024,passenger door (r/r),1347.31,3659.17,7383.21,synthetic
volkswagen,golf,2018,front bumper,565.06,1235.26,1931.49,synthetic
volkswagen,golf,2018,rear bumper,348.01,1054.47,1749.95,synthetic
volkswagen,golf,2018,side bumper(l),,691.14,1239.69,synthetic
volkswagen,golf,2018,side bumper(r),225.47,789.48,1089.16,synthetic
volkswagen,golf,2018,car hood,973.98,2286.02,3824.39,synthetic
volkswagen,golf,2018,car boot,939.39,2944.98,5107.07,synthetic
volkswagen,golf,2018,fender (f/l),350.98,936.55,1399.31,synthetic
volkswagen,golf,2018,fender (f/r),309.22,931.59,1376.61,synthetic
volkswagen,golf,2018,fender (r/l),345.05,1090.68,1443.28,synthetic
volkswagen,golf,2018,fender (r/r),367.78,1061.63,1643.79,synthetic
volkswagen,golf,2018,headlight (l),566.52,3580.97,5684.21,synthetic
volkswagen,golf,2018,headlight (r),579.38,3704.28,6506.23,synthetic
volkswagen,golf,2018,rear light (l),268.69,1847.1,3597.18,synthetic
volkswagen,golf,2018,rear light (r),303.94,2041.02,3286.91,synthetic
volkswagen,golf,2018,driver door(f/r),1309.3,3466.66,5884.3,synthetic
volkswagen,golf,2018,passenger door (f/l),1156.55,3322.12,6594.66,synthetic
volkswagen,golf,2018,passenger door (r/l),1309.54,3437.39,5426.45,synthetic
volkswagen,golf,2018,passenger door (r/r),1137.21,3410.54,5273.11,synthetic
volkswagen,golf,2019,front bumper,440.3,1387.53,2036.78,synthetic
volkswagen,golf,2019,rear bumper,358.47,1096.46,2177.47,synthetic
volkswagen,golf,2019,side bumper(l),322.45,890.31,1307.18,synthetic
volkswagen,golf,2019,side bumper(r),261.58,850.0,1244.3,synthetic
volkswagen,golf,2019,car hood,938.85,3039.14,4915.99,synthetic
volkswagen,golf,2019,car boot,1177.73,2859.49,4793.13,synthetic
volkswagen,golf,2019,fender (f/l),330.43,938.08,1454.37,synthetic
volkswagen,golf,2019,fender (f/r),410.18,1048.37,1751.65,synthetic
volkswagen,golf,2019,fender (r/l),397.19,1026.12,1574.15,synthetic
volkswagen,golf,2019,fender (r/r),471.9,925.86,1656.9,synthetic
volkswagen,golf,2019,headlight (l),493.11,3915.83,6376.75,synthetic
volkswagen,golf,2019,headlight (r),608.21,3126.82,6406.36,synthetic
volkswagen,golf,2019,rear light (l),343.29,2301.16,3909.46,synthetic
volkswagen,golf,2019,rear light (r),373.78,1803.54,3258.21,synthetic
volkswagen,golf,2019,driver door(f/r),1375.04,3959.93,6603.56,synthetic
volkswagen,golf,2019,passenger door (f/l),,3948.91,5732.37,synthetic
volkswagen,golf,2019,passenger door (r/l),1405.18,3558.85,6353.46,synthetic
volkswagen,golf,2019,passenger door (r/r),,3570.66,5505.03,synthetic
volkswagen,golf,2020,front bumper,601.77,1289.24,2427.92,synthetic
volkswagen,golf,2020,rear bumper,377.18,1254.57,2326.14,synthetic
volkswagen,golf,2020,side bumper(l),325.47,743.94,1470.77,synthetic
volkswagen,golf,2020,side bumper(r),316.79,854.64,1522.57,synthetic
volkswagen,golf,2020,car hood,814.9,2531.3,5316.74,synthetic
volkswagen,golf,2020,car boot,,3085.31,5316.31,synthetic
volkswagen,golf,2020,fender (f/l),467.21,1139.22,1959.32,synthetic
volkswagen,golf,2020,fender (f/r),411.98,1142.68,1697.08,synthetic
volkswagen,golf,2020,fender (r/l),511.44,1286.81,1980.89,synthetic
volkswagen,golf,2020,fender (r/r),395.94,1313.98,1653.22,synthetic
volkswagen,golf,2020,headlight (l),640.41,3884.71,7713.86,synthetic
volkswagen,golf,2020,headlight (r),553.73,3273.51,6807.25,synthetic
volkswagen,golf,2020,rear light (l),332.72,2365.23,4356.21,synthetic
volkswagen,golf,2020,rear light (r),336.86,2425.88,3529.23,synthetic
volkswagen,golf,2020,driver door(f/r),1364.81,4360.91,6323.01,synthetic
volkswagen,golf,2020,passenger door (f/l),1543.97,4241.73,6482.35,synthetic
volkswagen,golf,2020,passenger door (r/l),1574.79,4188.18,6694.88,synthetic
volkswagen,golf,2020,passenger door (r/r),,4265.56,6699.7,synthetic
volkswagen,golf,2021,front bumper,473.82,1425.35,2628.88,synthetic
volkswagen,golf,2021,rear bumper,445.66,1551.8,2538.94,synthetic
volkswagen,golf,2021,side bumper(l),292.66,947.25,1394.73,synthetic
volkswagen,golf,2021,side bumper(r),276.31,853.46,1450.79,synthetic
volkswagen,golf,2021,car hood,893.75,3384.85,5309.78,synthetic
volkswagen,golf,2021,car boot,1261.17,3368.52,6038.51,synthetic
volkswagen,golf,2021,fender (f/l),365.01,1026.04,1918.46,synthetic
volkswagen,golf,2021,fender (f/r),395.29,1240.44,1969.44,synthetic
volkswagen,golf,2021,fender (r/l),523.3,1257.82,2078.07,synthetic
volkswagen,golf,2021,fender (r/r),445.12,1169.1,1767.48,synthetic
volkswagen,golf,2021,headlight (l),708.54,3529.93,7514.09,synthetic
volkswagen,golf,2021,headlight (r),,4582.63,6872.81,synthetic
volkswagen,golf,2021,rear light (l),393.84,2462.37,3742.91,synthetic
volkswagen,golf,2021,rear light (r),384.34,2024.24,3884.65,synthetic
volkswagen,golf,2021,driver door(f/r),1549.03,5128.16,7942.4,synthetic
volkswagen,golf,2021,passenger door (f/l),1524.28,5170.86,7256.23,synthetic
volkswagen,golf,2021,passenger door (r/l),1296.64,3604.71,7056.46,synthetic
volkswagen,golf,2021,passenger door (r/r),1408.05,4305.65,6345.49,synthetic
volkswagen,golf,2022,front bumper,592.94,1821.74,2900.06,synthetic
volkswagen,golf,2022,rear bumper,464.22,1419.97,2649.51,synthetic
volkswagen,golf,2022,side bumper(l),297.43,834.88,1558.24,synthetic
volkswagen,golf,2022,side bumper(r),382.5,873.94,1525.93,synthetic
volkswagen,golf,2022,car hood,1267.24,3249.48,5554.96,synthetic
volkswagen,golf,2022,car boot,1579.36,3378.36,6937.28,synthetic
volkswagen,golf,2022,fender (f/l),454.47,1061.16,2007.77,synthetic
volkswagen,golf,2022,fender (f/r),387.98,1292.11,2247.97,synthetic
volkswagen,golf,2022,fender (r/l),536.09,1142.79,2089.68,synthetic
volkswagen,golf,2022,fender (r/r),,1485.42,2214.57,synthetic
volkswagen,golf,2022,headlight (l),634.06,4328.4,7671.55,synthetic
volkswagen,golf,2022,headlight (r),757.93,4406.64,7615.47,synthetic
volkswagen,golf,2022,rear light (l),340.24,2339.49,4394.48,synthetic
volkswagen,golf,2022,rear light (r),429.47,2130.51,4375.18,synthetic
volkswagen,golf,2022,driver door(f/r),1548.76,5298.33,6990.53,synthetic
volkswagen,golf,2022,passenger door (f/l),1556.94,5373.63,7961.52,synthetic
volkswagen,golf,2022,passenger door (r/l),1684.63,4739.68,7970.32,synthetic
volkswagen,golf,2022,passenger door (r/r),1942.98,5009.34,7898.46,synthetic
volkswagen,golf,2023,front bumper,701.0,1710.06,3029.0,synthetic
volkswagen,golf,2023,rear bumper,560.76,1537.09,2763.45,synthetic
volkswagen,golf,2023,side bumper(l),306.51,1112.53,1682.11,synthetic
volkswagen,golf,2023,side bumper(r),347.19,974.79,1831.96,synthetic
volkswagen,golf,2023,car hood,1353.85,3552.89,5970.13,synthetic
volkswagen,golf,2023,car boot,1469.72,3833.84,5927.13,synthetic
volkswagen,golf,2023,fender (f/l),382.01,1496.85,2381.43,synthetic
volkswagen,golf,2023,fender (f/r),519.48,1248.45,2229.96,synthetic
volkswagen,golf,2023,fender (r/l),617.17,1350.62,2414.73,synthetic
volkswagen,golf,2023,fender (r/r),626.3,1194.22,2317.18,synthetic
volkswagen,golf,2023,headlight (l),767.71,4007.02,9206.71,synthetic
volkswagen,golf,2023,headlight (r),749.06,4145.78,7944.59,synthetic
volkswagen,golf,2023,rear light (l),414.21,2329.77,4384.08,synthetic
volkswagen,golf,2023,rear light (r),472.49,2903.92,4284.91,synthetic
volkswagen,golf,2023,driver door(f/r),1599.55,4374.92,8653.31,synthetic
volkswagen,golf,2023,passenger door (f/l),1647.36,4708.38,7377.8,synthetic
volkswagen,golf,2023,passenger door (r/l),2123.93,4186.44,7125.18,synthetic
volkswagen,golf,2023,passenger door (r/r),,4587.16,6794.61,synthetic
volkswagen,golf,2024,front bumper,725.32,1802.02,2677.66,synthetic
volkswagen,golf,2024,rear bumper,,1803.72,2639.03,synthetic
volkswagen,golf,2024,side bumper(l),390.74,1036.48,1961.47,synthetic
volkswagen,golf,2024,side bumper(r),343.47,1136.49,1664.61,synthetic
volkswagen,golf,2024,car hood,1194.96,3830.46,5611.55,synthetic
volkswagen,golf,2024,car boot,1710.29,4669.4,6578.69,synthetic
volkswagen,golf,2024,fender (f/l),567.07,1562.48,2044.5,synthetic
volkswagen,golf,2024,fender (f/r),470.48,1537.69,2038.06,synthetic
volkswagen,golf,2024,fender (r/l),609.42,1273.73,2385.92,synthetic
volkswagen,golf,2024,fender (r/r),516.86,1425.31,2407.38,synthetic
volkswagen,golf,2024,headlight (l),776.54,5218.43,9355.83,synthetic
volkswagen,golf,2024,headlight (r),648.9,4447.93,8512.39,synthetic
volkswagen,golf,2024,rear light (l),485.43,2377.71,4470.03,synthetic
volkswagen,golf,2024,rear light (r),488.6,2490.22,5202.89,synthetic
volkswagen,golf,2024,driver door(f/r),2323.65,6051.53,8377.58,synthetic
volkswagen,golf,2024,passenger door (f/l),1941.39,4988.33,9170.32,synthetic
volkswagen,golf,2024,passenger door (r/l),2017.65,5452.62,7852.16,synthetic
volkswagen,golf,2024,passenger door (r/r),2066.61,4761.11,8382.14,synthetic
hyundai,elantra,2018,front bumper,303.03,1104.16,1431.28,synthetic
hyundai,elantra,2018,rear bumper,340.6,933.63,1484.71,synthetic
hyundai,elantra,2018,side bumper(l),223.56,517.6,902.94,synthetic
hyundai,elantra,2018,side bumper(r),188.07,540.48,872.93,synthetic
hyundai,elantra,2018,car hood,741.15,1775.39,3588.86,synthetic
hyundai,elantra,2018,car boot,,2247.25,3884.19,synthetic
hyundai,elantra,2018,fender (f/l),293.11,616.36,1279.49,synthetic
hyundai,elantra,2018,fender (f/r),238.58,652.86,1244.51,synthetic
hyundai,elantra,2018,fender (r/l),327.82,669.89,1124.13,synthetic
hyundai,elantra,2018,fender (r/r),305.89,839.64,1182.93,synthetic
hyundai,elantra,2018,headlight (l),404.7,2546.43,4749.33,synthetic
hyundai,elantra,2018,headlight (r),378.93,2303.96,4843.29,synthetic
hyundai,elantra,2018,rear light (l),252.0,1303.64,2678.21,synthetic
hyundai,elantra,2018,rear light (r),207.67,1229.93,2369.73,synthetic
hyundai,elantra,2018,driver door(f/r),1185.37,2413.48,4805.69,synthetic
hyundai,elantra,2018,passenger door (f/l),1031.07,3154.6,4366.51,synthetic
hyundai,elantra,2018,passenger door (r/l),,2245.23,3918.98,synthetic
hyundai,elantra,2018,passenger door (r/r),1026.24,2510.81,4208.07,synthetic
hyundai,elantra,2019,front bumper,,1090.02,1872.95,synthetic
hyundai,elantra,2019,rear bumper,357.11,948.01,1568.09,synthetic
hyundai,elantra,2019,side bumper(l),174.33,523.28,1006.6,synthetic
hyundai,elantra,2019,side bumper(r),245.75,579.98,898.66,synthetic
hyundai,elantra,2019,car hood,643.97,2122.09,3676.65,synthetic
hyundai,elantra,2019,car boot,940.86,2513.08,4100.68,synthetic
hyundai,elantra,2019,fender (f/l),257.87,656.63,1194.44,synthetic
hyundai,elantra,2019,fender (f/r),,803.18,1291.94,synthetic
hyundai,elantra,2019,fender (r/l),337.15,777.86,1386.64,synthetic
hyundai,elantra,2019,fender (r/r),289.45,731.3,1203.97,synthetic
hyundai,elantra,2019,headlight (l),491.69,2787.47,4446.31,synthetic
hyundai,elantra,2019,headlight (r),,2891.54,4463.74,synthetic
hyundai,elantra,2019,rear light (l),,1464.52,2642.54,synthetic
hyundai,elantra,2019,rear light (r),256.79,1691.58,3116.41,synthetic
hyundai,elantra,2019,driver door(f/r),1129.7,2642.84,4971.64,synthetic
hyundai,elantra,2019,passenger door (f/l),1171.33,2917.83,4607.72,synthetic
hyundai,elantra,2019,passenger door (r/l),975.04,2437.36,4144.41,synthetic
hyundai,elantra,2019,passenger door (r/r),1029.46,2799.41,4895.66,synthetic
hyundai,elantra,2020,front bumper,436.21,1220.53,1734.44,synthetic
hyundai,elantra,2020,rear bumper,318.85,1046.79,1731.33,synthetic
hyundai,elantra,2020,side bumper(l),193.01,666.36,961.44,synthetic
hyundai,elantra,2020,side bumper(r),243.7,679.47,1119.82,synthetic
hyundai,elantra,2020,car hood,753.99,2418.25,3877.83,synthetic
hyundai,elantra,2020,car boot,733.14,2397.9,4164.67,synthetic
hyundai,elantra,2020,fender (f/l),343.82,753.82,1235.23,synthetic
hyundai,elantra,2020,fender (f/r),254.31,824.05,1385.07,synthetic
hyundai,elantra,2020,fender (r/l),276.82,764.95,1296.96,synthetic
hyundai,elantra,2020,fender (r/r),337.64,811.71,1479.97,synthetic
hyundai,elantra,2020,headlight (l),369.44,2863.59,5517.8,synthetic
hyundai,elantra,2020,headlight (r),417.61,2962.88,5782.07,synthetic
hyundai,elantra,2020,rear light (l),280.47,1757.25,2918.15,synthetic
hyundai,elantra,2020,rear light (r),267.77,1490.82,3162.03,synthetic
hyundai,elantra,2020,driver door(f/r),1138.18,3642.29,4671.16,synthetic
hyundai,elantra,2020,passenger door (f/l),992.57,3501.44,5534.01,synthetic
hyundai,elantra,2020,passenger door (r/l),1210.47,2885.32,5122.38,synthetic
hyundai,elantra,2020,passenger door (r/r),1091.32,3366.73,4537.08,synthetic
hyundai,elantra,2021,front bumper,,1360.83,1877.69,synthetic
hyundai,elantra,2021,rear bumper,331.84,1065.81,1629.33,synthetic
hyundai,elantra,2021,side bumper(l),289.94,675.18,1089.06,synthetic
hyundai,elantra,2021,side bumper(r),204.58,763.87,1105.33,synthetic
hyundai,elantra,2021,car hood,,2375.95,4173.37,synthetic
hyundai,elantra,2021,car boot,1088.57,3102.55,4674.75,synthetic
hyundai,elantra,2021,fender (f/l),277.45,880.59,1486.25,synthetic
hyundai,elantra,2021,fender (f/r),309.69,843.53,1320.86,synthetic
hyundai,elantra,2021,fender (r/l),,1009.32,1424.38,synthetic
hyundai,elantra,2021,fender (r/r),362.07,969.96,1668.09,synthetic
hyundai,elantra,2021,headlight (l),,3341.22,5696.54,synthetic
hyundai,elantra,2021,headlight (r),496.34,3437.7,5501.6,synthetic
hyundai,elantra,2021,rear light (l),248.78,1573.35,3171.98,synthetic
hyundai,elantra,2021,rear light (r),241.48,1988.79,3421.41,synthetic
hyundai,elantra,2021,driver door(f/r),1459.02,3029.3,5610.64,synthetic
hyundai,elantra,2021,passenger door (f/l),1459.13,3760.53,5340.13,synthetic
hyundai,elantra,2021,passenger door (r/l),1027.33,3541.99,5741.43,synthetic
hyundai,elantra,2021,passenger door (r/r),1316.39,2744.62,5041.31,synthetic
hyundai,elantra,2022,front bumper,495.98,1435.91,2144.33,synthetic
hyundai,elantra,2022,rear bumper,424.28,1285.64,1671.08,synthetic
hyundai,elantra,2022,side bumper(l),214.79,798.08,1137.87,synthetic
hyundai,elantra,2022,side bumper(r),,760.8,1166.88,synthetic
hyundai,elantra,2022,car hood,892.14,2884.74,4169.76,synthetic
hyundai,elantra,2022,car boot,1005.95,2521.95,5174.37,synthetic
hyundai,elantra,2022,fender (f/l),355.28,902.21,1655.52,synthetic
hyundai,elantra,2022,fender (f/r),387.94,981.02,1649.82,synthetic
hyundai,elantra,2022,fender (r/l),364.55,1141.77,1646.29,synthetic
hyundai,elantra,2022,fender (r/r),335.31,1041.7,1658.22,synthetic
hyundai,elantra,2022,headlight (l),424.11,3362.48,6386.1,synthetic
hyundai,elantra,2022,headlight (r),458.54,3423.28,5400.75,synthetic
hyundai,elantra,2022,rear light (l),267.29,1693.38,3186.79,synthetic
hyundai,elantra,2022,rear light (r),253.42,1813.09,3441.64,synthetic
hyundai,elantra,2022,driver door(f/r),1308.43,4064.77,5494.76,synthetic
hyundai,elantra,2022,passenger door (f/l),1132.31,3214.75,6112.47,synthetic
hyundai,elantra,2022,passenger door (r/l),,3447.94,6097.15,synthetic
hyundai,elantra,2022,passenger door (r/r),1080.05,2925.54,5076.43,synthetic
hyundai,elantra,2023,front bumper,539.27,1163.2,2417.76,synthetic
hyundai,elantra,2023,rear bumper,367.83,1048.84,1843.39,synthetic
hyundai,elantra,2023,side bumper(l),231.86,777.81,1196.29,synthetic
hyundai,elantra,2023,side bumper(r),326.45,816.27,1411.28,synthetic
hyundai,elantra,2023,car hood,,2774.83,4087.82,synthetic
hyundai,elantra,2023,car boot,1166.45,3225.64,4986.89,synthetic
hyundai,elantra,2023,fender (f/l),351.69,858.06,1573.28,synthetic
hyundai,elantra,2023,fender (f/r),305.53,1138.15,1677.06,synthetic
hyundai,elantra,2023,fender (r/l),370.83,1030.57,1619.83,synthetic
hyundai,elantra,2023,fender (r/r),348.99,1159.73,1802.67,synthetic
hyundai,elantra,2023,headlight (l),540.56,3896.23,5716.8,synthetic
hyundai,elantra,2023,headlight (r),513.23,3750.99,7122.96,synthetic
hyundai,elantra,2023,rear light (l),376.65,2180.57,3399.46,synthetic
hyundai,elantra,2023,rear light (r),315.76,2268.41,3361.23,synthetic
hyundai,elantra,2023,driver door(f/r),1359.43,4184.02,6247.71,synthetic
hyundai,elantra,2023,passenger door (f/l),,4270.06,6930.19,synthetic
hyundai,elantra,2023,passenger door (r/l),1469.86,3206.28,5706.33,synthetic
hyundai,elantra,2023,passenger door (r/r),1311.9,3615.65,6518.02,synthetic
hyundai,elantra,2024,front bumper,576.53,1379.34,2105.45,synthetic
hyundai,elantra,2024,rear bumper,499.35,1414.45,2323.15,synthetic
hyundai,elantra,2024,side bumper(l),254.93,782.24,1401.5,synthetic
hyundai,elantra,2024,side bumper(r),279.18,782.82,1377.11,synthetic
hyundai,elantra,2024,car hood,831.73,2861.53,4871.73,synthetic
hyundai,elantra,2024,car boot,1020.54,3508.53,4773.32,synthetic
hyundai,elantra,2024,fender (f/l),427.93,1078.48,1632.34,synthetic
hyundai,elantra,2024,fender (f/r),395.17,1152.25,1829.27,synthetic
hyundai,elantra,2024,fender (r/l),421.28,1001.68,1723.1,synthetic
hyundai,elantra,2024,fender (r/r),,1130.17,1734.88,synthetic
hyundai,elantra,2024,headlight (l),,3420.5,7113.16,synthetic
hyundai,elantra,2024,headlight (r),596.79,4139.76,6207.79,synthetic
hyundai,elantra,2024,rear light (l),289.72,2176.23,3894.67,synthetic
hyundai,elantra,2024,rear light (r),,2346.66,3567.52,synthetic
hyundai,elantra,2024,driver door(f/r),1761.87,4232.3,7365.37,synthetic
hyundai,elantra,2024,passenger door (f/l),1730.16,4049.33,7137.81,synthetic
hyundai,elantra,2024,passenger door (r/l),1484.63,3436.0,5815.17,synthetic
hyundai,elantra,2024,passenger door (r/r),1296.89,3579.22,6238.27,synthetic
hyundai,tucson,2018,front bumper,434.83,1225.0,1727.19,synthetic
hyundai,tucson,2018,rear bumper,305.79,1061.73,1639.19,synthetic
hyundai,tucson,2018,side bumper(l),230.43,743.62,989.33,synthetic
hyundai,tucson,2018,side bumper(r),,740.93,1236.32,synthetic
hyundai,tucson,2018,car hood,689.21,2678.04,3960.18,synthetic
hyundai,tucson,2018,car boot,1022.6,2866.12,4944.21,synthetic
hyundai,tucson,2018,fender (f/l),,823.83,1571.24,synthetic
hyundai,tucson,2018,fender (f/r),285.58,984.91,1355.74,synthetic
hyundai,tucson,2018,fender (r/l),301.05,1036.84,1520.02,synthetic
hyundai,tucson,2018,fender (r/r),315.26,1008.46,1614.85,synthetic
hyundai,tucson,2018,headlight (l),462.85,2775.24,6240.5,synthetic
hyundai,tucson,2018,headlight (r),563.43,2860.69,5978.86,synthetic
hyundai,tucson,2018,rear light (l),310.08,1987.62,3118.25,synthetic
hyundai,tucson,2018,rear light (r),307.78,1863.97,3257.65,synthetic
hyundai,tucson,2018,driver door(f/r),1282.28,3246.18,5502.52,synthetic
hyundai,tucson,2018,passenger door (f/l),1405.55,3163.66,5472.76,synthetic
hyundai,tucson,2018,passenger door (r/l),1055.34,3428.65,5622.89,synthetic
hyundai,tucson,2018,passenger door (r/r),1320.61,3536.35,5545.32,synthetic
hyundai,tucson,2019,front bumper,,1231.41,1993.6,synthetic
hyundai,tucson,2019,rear bumper,378.06,1006.71,1786.09,synthetic
hyundai,tucson,2019,side bumper(l),291.22,817.13,1152.26,synthetic
hyundai,tucson,2019,side bumper(r),296.24,792.71,1107.03,synthetic
hyundai,tucson,2019,car hood,1017.8,2733.94,4145.42,synthetic
hyundai,tucson,2019,car boot,1097.24,2946.92,4397.08,synthetic
hyundai,tucson,2019,fender (f/l),387.4,1053.45,1419.82,synthetic
hyundai,tucson,2019,fender (f/r),321.94,996.68,1649.19,synthetic
hyundai,tucson,2019,fender (r/l),447.94,954.15,1782.85,synthetic
hyundai,tucson,2019,fender (r/r),411.34,1084.26,1711.62,synthetic
hyundai,tucson,2019,headlight (l),595.75,2957.04,5400.09,synthetic
hyundai,tucson,2019,headlight (r),513.31,3627.05,5878.75,synthetic
hyundai,tucson,2019,rear light (l),352.9,1911.16,3198.21,synthetic
hyundai,tucson,2019,rear light (r),312.42,1942.46,3423.57,synthetic
hyundai,tucson,2019,driver door(f/r),1564.63,3948.58,5475.23,synthetic
hyundai,tucson,2019,passenger door (f/l),1476.96,3934.8,5849.12,synthetic
hyundai,tucson,2019,passenger door (r/l),1412.83,3016.15,5407.21,synthetic
hyundai,tucson,2019,passenger door (r/r),1061.27,3885.22,5767.37,synthetic
hyundai,tucson,2020,front bumper,471.99,1269.93,2463.49,synthetic
hyundai,tucson,2020,rear bumper,,1185.68,1864.84,synthetic
hyundai,tucson,2020,side bumper(l),283.33,901.39,1258.4,synthetic
hyundai,tucson,2020,side bumper(r),261.04,793.66,1280.7,synthetic
hyundai,tucson,2020,car hood,930.05,2790.48,4237.29,synthetic
hyundai,tucson,2020,car boot,1002.23,2751.36,5400.28,synthetic
hyundai,tucson,2020,fender (f/l),358.6,996.97,1784.68,synthetic
hyundai,tucson,2020,fender (f/r),418.75,1066.35,1637.92,synthetic
hyundai,tucson,2020,fender (r/l),368.57,1167.88,1768.65,synthetic
hyundai,tucson,2020,fender (r/r),424.01,1247.23,1735.81,synthetic
hyundai,tucson,2020,headlight (l),522.28,3055.34,6034.9,synthetic
hyundai,tucson,2020,headlight (r),494.36,2997.68,7143.0,synthetic
hyundai,tucson,2020,rear light (l),,1821.43,3373.79,synthetic
hyundai,tucson,2020,rear light (r),364.02,2283.29,3650.12,synthetic
hyundai,tucson,2020,driver door(f/r),1492.16,3809.43,6300.85,synthetic
hyundai,tucson,2020,passenger door (f/l),1614.7,3524.25,5771.97,synthetic
hyundai,tucson,2020,passenger door (r/l),,3174.96,5497.15,synthetic
hyundai,tucson,2020,passenger door (r/r),1331.76,3998.15,5712.91,synthetic
hyundai,tucson,2021,front bumper,594.54,1472.08,2587.33,synthetic
hyundai,tucson,2021,rear bumper,350.91,1418.67,2161.83,synthetic
hyundai,tucson,2021,side bumper(l),295.6,966.37,1473.65,synthetic
hyundai,tucson,2021,side bumper(r),302.17,967.69,1507.97,synthetic
hyundai,tucson,2021,car hood,1073.89,2838.13,4373.11,synthetic
hyundai,tucson,2021,car boot,1064.1,3695.44,5338.32,synthetic
hyundai,tucson,2021,fender (f/l),317.53,1028.29,1674.68,synthetic
hyundai,tucson,2021,fender (f/r),328.26,988.78,1809.41,synthetic
hyundai,tucson,2021,fender (r/l),422.06,1117.77,2054.84,synthetic
hyundai,tucson,2021,fender (r/r),435.25,1101.5,1706.94,synthetic
hyundai,tucson,2021,headlight (l),490.5,3540.77,6607.47,synthetic
hyundai,tucson,2021,headlight (r),515.27,4089.82,6314.87,synthetic
hyundai,tucson,2021,rear light (l),303.39,1883.94,4357.91,synthetic
hyundai,tucson,2021,rear light (r),403.01,2191.52,3565.98,synthetic
hyundai,tucson,2021,driver door(f/r),1426.55,4725.83,6392.05,synthetic
hyundai,tucson,2021,passenger door (f/l),1278.16,4280.68,7393.04,synthetic
hyundai,tucson,2021,passenger door (r/l),1731.56,4294.13,6940.29,synthetic
hyundai,tucson,2021,passenger door (r/r),1359.55,3670.33,6161.47,synthetic
hyundai,tucson,2022,front bumper,601.9,1403.41,2650.73,synthetic
hyundai,tucson,2022,rear bumper,429.38,1395.32,2488.49,synthetic
hyundai,tucson,2022,side bumper(l),335.24,804.91,1495.09,synthetic
hyundai,tucson,2022,side bumper(r),301.26,874.31,1315.12,synthetic
hyundai,tucson,2022,car hood,,3599.13,5092.87,synthetic
hyundai,tucson,2022,car boot,1104.54,3474.31,6549.12,synthetic
hyundai,tucson,2022,fender (f/l),466.92,1025.23,2120.35,synthetic
hyundai,tucson,2022,fender (f/r),468.9,1106.75,1959.04,synthetic
hyundai,tucson,2022,fender (r/l),398.85,1397.89,2207.51,synthetic
hyundai,tucson,2022,fender (r/r),487.95,1349.78,1798.88,synthetic
hyundai,tucson,2022,headlight (l),586.38,4176.1,7136.46,synthetic
hyundai,tucson,2022,headlight (r),658.05,4391.27,7182.88,synthetic
hyundai,tucson,2022,rear light (l),334.04,2120.78,4021.14,synthetic
hyundai,tucson,2022,rear light (r),395.51,2437.5,4084.61,synthetic
hyundai,tucson,2022,driver door(f/r),1489.61,4498.63,7925.89,synthetic
hyundai,tucson,2022,passenger door (f/l),1425.93,5063.47,7113.34,synthetic
hyundai,tucson,2022,passenger door (r/l),,4409.02,6460.11,synthetic
hyundai,tucson,2022,passenger door (r/r),1653.58,3846.85,6574.8,synthetic
hyundai,tucson,2023,front bumper,538.68,1557.14,2423.35,synthetic
hyundai,tucson,2023,rear bumper,395.43,1471.24,2241.2,synthetic
hyundai,tucson,2023,side bumper(l),393.26,855.38,1743.3,synthetic
hyundai,tucson,2023,side bumper(r),368.47,965.33,1712.69,synthetic
hyundai,tucson,2023,car hood,1135.48,3053.02,5151.41,synthetic
hyundai,tucson,2023,car boot,1251.45,3661.87,6663.11,synthetic
hyundai,tucson,2023,fender (f/l),529.01,1319.94,2063.14,synthetic
hyundai,tucson,2023,fender (f/r),367.29,1142.21,1999.08,synthetic
hyundai,tucson,2023,fender (r/l),540.88,1475.2,2089.07,synthetic
hyundai,tucson,2023,fender (r/r),583.78,1288.72,2122.41,synthetic
hyundai,tucson,2023,headlight (l),782.09,4344.04,8333.31,synthetic
hyundai,tucson,2023,headlight (r),629.49,4171.34,8495.68,synthetic
hyundai,tucson,2023,rear light (l),450.61,2764.62,4612.48,synthetic
hyundai,tucson,2023,rear light (r),,2694.33,4367.16,synthetic
hyundai,tucson,2023,driver door(f/r),1721.66,5067.04,7746.58,synthetic
hyundai,tucson,2023,passenger door (f/l),1689.49,5010.68,7249.97,synthetic
hyundai,tucson,2023,passenger door (r/l),1710.71,4031.23,6810.02,synthetic
hyundai,tucson,2023,passenger door (r/r),1668.31,4047.12,7971.86,synthetic
hyundai,tucson,2024,front bumper,784.28,1714.0,2824.62,synthetic
hyundai,tucson,2024,rear bumper,526.18,1660.07,2449.87,synthetic
hyundai,tucson,2024,side bumper(l),,917.63,1459.06,synthetic
hyundai,tucson,2024,side bumper(r),423.01,928.61,1722.57,synthetic
hyundai,tucson,2024,car hood,1207.99,3182.39,6244.11,synthetic
hyundai,tucson,2024,car boot,1552.22,4351.37,7386.92,synthetic
hyundai,tucson,2024,fender (f/l),443.6,1360.41,1910.46,synthetic
hyundai,tucson,2024,fender (f/r),401.5,1235.13,2292.7,synthetic
hyundai,tucson,2024,fender (r/l),498.8,1374.24,2441.02,synthetic
hyundai,tucson,2024,fender (r/r),597.99,1214.12,2399.04,synthetic
hyundai,tucson,2024,headlight (l),619.99,4405.18,7622.64,synthetic
hyundai,tucson,2024,headlight (r),720.44,4681.85,7684.28,synthetic
hyundai,tucson,2024,rear light (l),348.07,2443.34,4803.91,synthetic
hyundai,tucson,2024,rear light (r),454.7,2531.1,5251.03,synthetic
hyundai,tucson,2024,driver door(f/r),,5133.34,7808.43,synthetic
hyundai,tucson,2024,passenger door (f/l),2065.72,4512.79,7895.7,synthetic
hyundai,tucson,2024,passenger door (r/l),1821.76,4817.92,6970.64,synthetic
hyundai,tucson,2024,passenger door (r/r),1859.25,5335.97,7991.58,synthetic
kia,rio,2018,front bumper,386.71,950.45,1389.13,synthetic
kia,rio,2018,rear bumper,288.57,850.36,1371.63,synthetic
kia,rio,2018,side bumper(l),175.08,534.33,811.49,synthetic
kia,rio,2018,side bumper(r),163.93,465.1,861.61,synthetic
kia,rio,2018,car hood,609.43,1749.42,3168.63,synthetic
kia,rio,2018,car boot,879.86,2394.44,3501.99,synthetic
kia,rio,2018,fender (f/l),273.71,591.95,1118.19,synthetic
kia,rio,2018,fender (f/r),292.05,586.85,1139.26,synthetic
kia,rio,2018,fender (r/l),273.35,640.3,1322.15,synthetic
kia,rio,2018,fender (r/r),287.56,673.47,1182.8,synthetic
kia,rio,2018,headlight (l),311.23,2094.39,4729.35,synthetic
kia,rio,2018,headlight (r),,2378.5,4657.18,synthetic
kia,rio,2018,rear light (l),,1206.85,2221.88,synthetic
kia,rio,2018,rear light (r),255.07,1206.35,2227.09,synthetic
kia,rio,2018,driver door(f/r),,2495.94,4292.8,synthetic
kia,rio,2018,passenger door (f/l),979.63,2750.08,4449.45,synthetic
kia,rio,2018,passenger door (r/l),868.32,2177.41,3872.13,synthetic
kia,rio,2018,passenger door (r/r),1037.47,2814.08,4451.27,synthetic
kia,rio,2019,front bumper,393.24,1059.2,1536.49,synthetic
kia,rio,2019,rear bumper,291.73,886.19,1576.87,synthetic
kia,rio,2019,side bumper(l),187.76,646.84,844.35,synthetic
kia,rio,2019,side bumper(r),235.94,592.75,955.53,synthetic
kia,rio,2019,car hood,632.68,2238.87,3422.97,synthetic
kia,rio,2019,car boot,680.26,1961.79,4200.66,synthetic
kia,rio,2019,fender (f/l),281.15,648.88,1268.4,synthetic
kia,rio,2019,fender (f/r),278.17,659.22,1238.83,synthetic
kia,rio,2019,fender (r/l),285.88,879.74,1328.26,synthetic
kia,rio,2019,fender (r/r),311.67,702.39,1223.92,synthetic
kia,rio,2019,headlight (l),471.23,2765.38,4925.04,synthetic
kia,rio,2019,headlight (r),353.82,2762.34,4695.7,synthetic
kia,rio,2019,rear light (l),254.34,1268.58,2587.36,synthetic
kia,rio,2019,rear light (r),208.78,1685.45,2511.5,synthetic
kia,rio,2019,driver door(f/r),951.93,3136.78,4640.52,synthetic
kia,rio,2019,passenger door (f/l),873.08,2497.11,4663.57,synthetic
kia,rio,2019,passenger door (r/l),1168.52,2335.67,4359.77,synthetic
kia,rio,2019,passenger door (r/r),967.13,2929.86,3940.22,synthetic
kia,rio,2020,front bumper,446.83,1215.07,1813.76,synthetic
kia,rio,2020,rear bumper,374.91,892.57,1530.76,synthetic
kia,rio,2020,side bumper(l),240.58,695.64,943.09,synthetic
kia,rio,2020,side bumper(r),238.25,535.61,987.53,synthetic
kia,rio,2020,car hood,668.3,2490.12,3749.22,synthetic
kia,rio,2020,car boot,1035.86,2374.19,4354.11,synthetic
kia,rio,2020,fender (f/l),332.87,721.1,1445.22,synthetic
kia,rio,2020,fender (f/r),269.84,858.79,1271.72,synthetic
kia,rio,2020,fender (r/l),,909.93,1287.69,synthetic
kia,rio,2020,fender (r/r),293.47,841.71,1267.75,synthetic
kia,rio,2020,headlight (l),417.6,2389.18,5176.47,synthetic
kia,rio,2020,headlight (r),374.4,2835.84,5275.65,synthetic
kia,rio,2020,rear light (l),,1538.17,2903.23,synthetic
kia,rio,2020,rear light (r),281.02,1657.0,2578.73,synthetic
kia,rio,2020,driver door(f/r),1382.27,3043.37,5077.37,synthetic
kia,rio,2020,passenger door (f/l),1260.81,3194.26,5437.73,synthetic
kia,rio,2020,passenger door (r/l),1068.75,2842.36,4513.11,synthetic
kia,rio,2020,passenger door (r/r),1173.27,2505.69,5044.19,synthetic
kia,rio,2021,front bumper,359.14,1164.11,1823.02,synthetic
kia,rio,2021,rear bumper,,1123.19,1728.61,synthetic
kia,rio,2021,side bumper(l),276.38,661.24,1030.54,synthetic
kia,rio,2021,side bumper(r),265.78,620.19,1004.97,synthetic
kia,rio,2021,car hood,712.34,2520.33,3848.61,synthetic
kia,rio,2021,car boot,805.82,2502.77,4798.23,synthetic
kia,rio,2021,fender (f/l),370.53,848.72,1287.58,synthetic
kia,rio,2021,fender (f/r),,906.12,1556.95,synthetic
kia,rio,2021,fender (r/l),285.99,966.72,1395.4,synthetic
kia,rio,2021,fender (r/r),278.17,776.68,1569.5,synthetic
kia,rio,2021,headlight (l),,3038.56,5331.71,synthetic
kia,rio,2021,headlight (r),517.73,2512.54,5765.98,synthetic
kia,rio,2021,rear light (l),271.5,1707.51,3082.88,synthetic
kia,rio,2021,rear light (r),322.24,1889.17,2977.85,synthetic
kia,rio,2021,driver door(f/r),1451.75,3794.44,5436.66,synthetic
kia,rio,2021,passenger door (f/l),1130.23,3791.26,4959.94,synthetic
kia,rio,2021,passenger door (r/l),1061.39,2858.3,4846.87,synthetic
kia,rio,2021,passenger door (r/r),955.56,3133.38,4463.09,synthetic
kia,rio,2022,front bumper,450.83,1224.83,1865.38,synthetic
kia,rio,2022,rear bumper,303.03,1024.71,2018.23,synthetic
kia,rio,2022,side bumper(l),,716.16,1268.54,synthetic
kia,rio,2022,side bumper(r),278.26,795.58,1041.72,synthetic
kia,rio,2022,car hood,977.05,2502.87,3644.05,synthetic
kia,rio,2022,car boot,970.18,2967.33,4878.53,synthetic
kia,rio,2022,fender (f/l),301.95,917.91,1496.88,synthetic
kia,rio,2022,fender (f/r),286.33,1037.49,1610.92,synthetic
kia,rio,2022,fender (r/l),377.99,886.27,1583.97,synthetic
kia,rio,2022,fender (r/r),365.2,1107.22,1609.39,synthetic
kia,rio,2022,headlight (l),548.89,2825.07,5614.94,synthetic
kia,rio,2022,headlight (r),481.5,3400.01,5753.06,synthetic
kia,rio,2022,rear light (l),306.09,1713.29,3545.5,synthetic
kia,rio,2022,rear light (r),,1800.93,3110.59,synthetic
kia,rio,2022,driver door(f/r),1398.3,3559.31,5699.49,synthetic
kia,rio,2022,passenger door (f/l),1357.59,3934.28,5275.28,synthetic
kia,rio,2022,passenger door (r/l),1419.65,3340.0,5556.27,synthetic
kia,rio,2022,passenger door (r/r),1035.76,3217.59,5146.28,synthetic
kia,rio,2023,front bumper,439.82,1476.33,2330.9,synthetic
kia,rio,2023,rear bumper,361.6,1292.06,2140.58,synthetic
kia,rio,2023,side bumper(l),243.7,749.57,1280.2,synthetic
kia,rio,2023,side bumper(r),287.33,643.71,1092.49,synthetic
kia,rio,2023,car hood,823.72,2479.81,4365.57,synthetic
kia,rio,2023,car boot,920.75,2804.95,5458.49,synthetic
kia,rio,2023,fender (f/l),342.26,984.6,1757.7,synthetic
kia,rio,2023,fender (f/r),375.38,1024.87,1615.57,synthetic
kia,rio,2023,fender (r/l),412.24,889.87,1700.86,synthetic
kia,rio,2023,fender (r/r),340.49,1128.67,1475.11,synthetic
kia,rio,2023,headlight (l),516.67,3043.29,5586.65,synthetic
kia,rio,2023,headlight (r),435.26,3024.85,5901.3,synthetic
kia,rio,2023,rear light (l),320.64,1693.27,3323.37,synthetic
kia,rio,2023,rear light (r),278.91,1856.65,3671.39,synthetic
kia,rio,2023,driver door(f/r),1325.34,3639.37,6825.39,synthetic
kia,rio,2023,passenger door (f/l),1568.08,3470.9,5490.01,synthetic
kia,rio,2023,passenger door (r/l),1190.07,3462.39,5973.27,synthetic
kia,rio,2023,passenger door (r/r),1493.55,3310.75,5851.64,synthetic
kia,rio,2024,front bumper,427.02,1451.78,1958.84,synthetic
kia,rio,2024,rear bumper,379.22,1291.83,2165.03,synthetic
kia,rio,2024,side bumper(l),312.09,737.64,1278.32,synthetic
kia,rio,2024,side bumper(r),298.91,901.21,1209.58,synthetic
kia,rio,2024,car hood,965.58,3120.57,4243.56,synthetic
kia,rio,2024,car boot,1140.31,2932.4,5148.22,synthetic
kia,rio,2024,fender (f/l),381.74,1136.24,1692.69,synthetic
kia,rio,2024,fender (f/r),372.77,880.49,1558.25,synthetic
kia,rio,2024,fender (r/l),376.11,978.93,1759.24,synthetic
kia,rio,2024,fender (r/r),367.62,1070.56,1602.82,synthetic
kia,rio,2024,headlight (l),636.63,3733.94,5863.06,synthetic
kia,rio,2024,headlight (r),623.37,3797.36,5875.1,synthetic
kia,rio,2024,rear light (l),377.53,2063.29,3830.01,synthetic
kia,rio,2024,rear light (r),336.82,1734.82,3823.4,synthetic
kia,rio,2024,driver door(f/r),1441.53,3730.09,6545.6,synthetic
kia,rio,2024,passenger door (f/l),1593.45,4329.52,5951.85,synthetic
kia,rio,2024,passenger door (r/l),1190.76,4067.13,5960.05,synthetic
kia,rio,2024,passenger door (r/r),1169.23,3817.68,6442.85,synthetic
kia,sportage,2018,front bumper,,1065.42,1795.81,synthetic
kia,sportage,2018,rear bumper,327.79,969.97,1710.48,synthetic
kia,sportage,2018,side bumper(l),291.36,724.47,1247.85,synthetic
kia,sportage,2018,side bumper(r),209.14,750.88,1092.66,synthetic
kia,sportage,2018,car hood,772.52,2844.52,3890.92,synthetic
kia,sportage,2018,car boot,1160.55,2404.99,4838.09,synthetic
kia,sportage,2018,fender (f/l),,1036.67,1654.5,synthetic
kia,sportage,2018,fender (f/r),372.48,947.33,1537.51,synthetic
kia,sportage,2018,fender (r/l),384.81,1104.96,1722.43,synthetic
kia,sportage,2018,fender (r/r),296.2,925.37,1690.29,synthetic
kia,sportage,2018,headlight (l),486.95,2716.57,5673.68,synthetic
kia,sportage,2018,headlight (r),579.85,3267.69,5513.95,synthetic
kia,sportage,2018,rear light (l),245.45,2053.47,3189.17,synthetic
kia,sportage,2018,rear light (r),279.81,1896.97,3428.49,synthetic
kia,sportage,2018,driver door(f/r),1197.58,3351.33,5255.6,synthetic
kia,sportage,2018,passenger door (f/l),1077.01,3651.46,6287.4,synthetic
kia,sportage,2018,passenger door (r/l),1212.27,3218.96,4743.94,synthetic
kia,sportage,2018,passenger door (r/r),1396.52,3009.12,5180.27,synthetic
kia,sportage,2019,front bumper,574.23,1217.08,2164.35,synthetic
kia,sportage,2019,rear bumper,329.61,1321.18,2110.98,synthetic
kia,sportage,2019,side bumper(l),219.05,835.45,1228.85,synthetic
kia,sportage,2019,side bumper(r),272.27,664.5,1324.23,synthetic
kia,sportage,2019,car hood,,2422.99,4117.4,synthetic
kia,sportage,2019,car boot,,3338.72,4411.8,synthetic
kia,sportage,2019,fender (f/l),366.77,1074.04,1537.11,synthetic
kia,sportage,2019,fender (f/r),370.14,913.71,1421.59,synthetic
kia,sportage,2019,fender (r/l),411.74,1067.73,1791.1,synthetic
kia,sportage,2019,fender (r/r),345.92,996.33,1540.99,synthetic
kia,sportage,2019,headlight (l),572.28,3750.04,6929.66,synthetic
kia,sportage,2019,headlight (r),467.05,2985.24,6705.3,synthetic
kia,sportage,2019,rear light (l),335.94,2106.39,3737.88,synthetic
kia,sportage,2019,rear light (r),263.82,2086.61,3864.11,synthetic
kia,sportage,2019,driver door(f/r),,3617.7,6922.53,synthetic
kia,sportage,2019,passenger door (f/l),1471.1,3447.98,6554.67,synthetic
kia,sportage,2019,passenger door (r/l),1195.04,3513.51,6270.13,synthetic
kia,sportage,2019,passenger door (r/r),1146.31,3792.89,5703.25,synthetic
kia,sportage,2020,front bumper,460.17,1478.37,2149.55,synthetic
kia,sportage,2020,rear bumper,451.98,1298.74,2234.16,synthetic
kia,sportage,2020,side bumper(l),281.13,790.38,1495.46,synthetic
kia,sportage,2020,side bumper(r),263.54,777.95,1360.57,synthetic
kia,sportage,2020,car hood,1115.97,2669.18,5239.55,synthetic
kia,sportage,2020,car boot,1220.32,3651.07,4933.14,synthetic
kia,sportage,2020,fender (f/l),375.59,1193.46,1795.7,synthetic
kia,sportage,2020,fender (f/r),335.07,990.72,1554.34,synthetic
kia,sportage,2020,fender (r/l),354.49,1093.81,1947.29,synthetic
kia,sportage,2020,fender (r/r),358.81,1167.87,1686.15,synthetic
kia,sportage,2020,headlight (l),497.68,4098.88,7215.85,synthetic
kia,sportage,2020,headlight (r),609.99,3677.27,6983.77,synthetic
kia,sportage,2020,rear light (l),362.26,1939.87,3404.48,synthetic
kia,sportage,2020,rear light (r),398.4,2129.76,4133.37,synthetic
kia,sportage,2020,driver door(f/r),1325.17,4351.86,6979.22,synthetic
kia,sportage,2020,passenger door (f/l),1828.62,4345.56,6286.79,synthetic
kia,sportage,2020,passenger door (r/l),1209.86,4098.48,6727.77,synthetic
kia,sportage,2020,passenger door (r/r),1510.51,3700.93,6033.32,synthetic
kia,sportage,2021,front bumper,632.95,1712.16,2714.91,synthetic
kia,sportage,2021,rear bumper,,1446.55,2117.1,synthetic
kia,sportage,2021,side bumper(l),278.42,977.08,1477.98,synthetic
kia,sportage,2021,side bumper(r),277.09,926.78,1270.0,synthetic
kia,sportage,2021,car hood,1074.87,2743.16,5511.52,synthetic
kia,sportage,2021,car boot,1302.38,3379.28,5860.85,synthetic
kia,sportage,2021,fender (f/l),330.13,1263.56,1739.59,synthetic
kia,sportage,2021,fender (f/r),490.93,1027.88,1737.62,synthetic
kia,sportage,2021,fender (r/l),533.92,1346.22,1945.04,synthetic
kia,sportage,2021,fender (r/r),384.54,1368.35,2160.32,synthetic
kia,sportage,2021,headlight (l),564.55,3421.09,6768.66,synthetic
kia,sportage,2021,headlight (r),583.92,3407.38,6889.84,synthetic
kia,sportage,2021,rear light (l),387.38,2174.05,3764.51,synthetic
kia,sportage,2021,rear light (r),,2083.94,3669.77,synthetic
kia,sportage,2021,driver door(f/r),1388.25,4505.49,7897.89,synthetic
kia,sportage,2021,passenger door (f/l),1861.33,4327.49,7519.48,synthetic
kia,sportage,2021,passenger door (r/l),,3872.61,6762.95,synthetic
kia,sportage,2021,passenger door (r/r),1449.51,4083.04,7326.93,synthetic
kia,sportage,2022,front bumper,686.94,1578.87,2799.52,synthetic
kia,sportage,2022,rear bumper,553.26,1399.07,2455.77,synthetic
kia,sportage,2022,side bumper(l),,826.88,1375.88,synthetic
kia,sportage,2022,side bumper(r),375.51,852.47,1419.04,synthetic
kia,sportage,2022,car hood,1010.6,3272.92,5003.97,synthetic
kia,sportage,2022,car boot,1490.58,4106.69,5961.95,synthetic
kia,sportage,2022,fender (f/l),373.55,1021.31,1734.37,synthetic
kia,sportage,2022,fender (f/r),427.83,1204.37,1728.49,synthetic
kia,sportage,2022,fender (r/l),520.96,1252.23,2184.42,synthetic
kia,sportage,2022,fender (r/r),539.18,1307.93,1925.47,synthetic
kia,sportage,2022,headlight (l),686.86,4547.81,7468.64,synthetic
kia,sportage,2022,headlight (r),749.32,4348.34,7528.02,synthetic
kia,sportage,2022,rear light (l),345.66,2464.33,4208.32,synthetic
kia,sportage,2022,rear light (r),388.93,2363.97,4424.84,synthetic
kia,sportage,2022,driver door(f/r),1952.06,4614.05,8023.11,synthetic
kia,sportage,2022,passenger door (f/l),1737.08,4250.46,7557.02,synthetic
kia,sportage,2022,passenger door (r/l),1904.56,4089.15,7726.1,synthetic
kia,sportage,2022,passenger door (r/r),1719.45,4356.96,6349.66,synthetic
kia,sportage,2023,front bumper,543.09,1772.45,2736.66,synthetic
kia,sportage,2023,rear bumper,451.38,1371.18,2483.88,synthetic
kia,sportage,2023,side bumper(l),375.66,957.87,1623.7,synthetic
kia,sportage,2023,side bumper(r),413.66,1030.76,1533.72,synthetic
kia,sportage,2023,car hood,974.58,3949.24,5324.25,synthetic
kia,sportage,2023,car boot,1244.88,4183.31,6897.72,synthetic
kia,sportage,2023,fender (f/l),483.16,1420.09,1868.75,synthetic
kia,sportage,2023,fender (f/r),415.48,1456.51,2023.81,synthetic
kia,sportage,2023,fender (r/l),545.75,1234.63,2057.04,synthetic
kia,sportage,2023,fender (r/r),490.13,1243.64,1941.51,synthetic
kia,sportage,2023,headlight (l),,4180.4,7771.64,synthetic
kia,sportage,2023,headlight (r),742.97,4817.51,7399.28,synthetic
kia,sportage,2023,rear light (l),464.05,2605.74,4115.34,synthetic
kia,sportage,2023,rear light (r),384.02,2418.74,4919.08,synthetic
kia,sportage,2023,driver door(f/r),1774.34,5632.74,7903.5,synthetic
kia,sportage,2023,passenger door (f/l),1836.08,5558.8,8876.22,synthetic
kia,sportage,2023,passenger door (r/l),2034.99,5007.8,7908.81,synthetic
kia,sportage,2023,passenger door (r/r),1943.95,5041.47,7017.94,synthetic
kia,sportage,2024,front bumper,560.64,1617.29,2956.83,synthetic
kia,sportage,2024,rear bumper,,1378.17,2982.99,synthetic
kia,sportage,2024,side bumper(l),314.0,886.54,1736.83,synthetic
kia,sportage,2024,side bumper(r),390.61,1138.31,1509.72,synthetic
kia,sportage,2024,car hood,1201.25,3661.87,5478.21,synthetic
kia,sportage,2024,car boot,1467.09,4481.62,6813.46,synthetic
kia,sportage,2024,fender (f/l),517.36,1211.09,2394.23,synthetic
kia,sportage,2024,fender (f/r),,1529.39,2207.49,synthetic
kia,sportage,2024,fender (r/l),564.5,1322.8,2488.99,synthetic
kia,sportage,2024,fender (r/r),640.16,1429.37,2294.82,synthetic
kia,sportage,2024,headlight (l),624.9,4705.1,8641.87,synthetic
kia,sportage,2024,headlight (r),708.57,5131.55,9277.57,synthetic
kia,sportage,2024,rear light (l),367.6,2472.28,5323.29,synthetic
kia,sportage,2024,rear light (r),478.24,2343.3,5028.34,synthetic
kia,sportage,2024,driver door(f/r),2179.37,4830.84,8832.54,synthetic
kia,sportage,2024,passenger door (f/l),2120.56,5838.88,7781.47,synthetic
kia,sportage,2024,passenger door (r/l),1900.05,4283.42,7678.51,synthetic
kia,sportage,2024,passenger door (r/r),1978.27,5197.5,7075.09,synthetic
toyota,yaris,2018,front bumper,409.81,1087.88,1565.06,synthetic
toyota,yaris,2018,rear bumper,290.08,830.76,1549.5,synthetic
toyota,yaris,2018,side bumper(l),192.81,550.89,985.74,synthetic
toyota,yaris,2018,side bumper(r),187.47,524.87,908.24,synthetic
toyota,yaris,2018,car hood,581.97,2121.96,3239.46,synthetic
toyota,yaris,2018,car boot,657.33,2036.85,4032.49,synthetic
toyota,yaris,2018,fender (f/l),,706.56,1115.83,synthetic
toyota,yaris,2018,fender (f/r),241.61,724.46,1184.52,synthetic
toyota,yaris,2018,fender (r/l),279.97,866.71,1198.65,synthetic
toyota,yaris,2018,fender (r/r),256.65,750.86,1311.92,synthetic
toyota,yaris,2018,headlight (l),422.65,2115.17,4461.47,synthetic
toyota,yaris,2018,headlight (r),364.84,2517.23,4227.84,synthetic
toyota,yaris,2018,rear light (l),192.09,1566.87,2411.67,synthetic
toyota,yaris,2018,rear light (r),220.2,1511.66,2487.2,synthetic
toyota,yaris,2018,driver door(f/r),884.68,2525.44,4542.39,synthetic
toyota,yaris,2018,passenger door (f/l),913.53,3167.1,5070.33,synthetic
toyota,yaris,2018,passenger door (r/l),1140.08,2602.03,3930.11,synthetic
toyota,yaris,2018,passenger door (r/r),1036.97,2944.25,3925.42,synthetic
toyota,yaris,2019,front bumper,322.68,918.54,1484.21,synthetic
toyota,yaris,2019,rear bumper,346.23,1006.35,1548.01,synthetic
toyota,yaris,2019,side bumper(l),181.22,558.15,953.55,synthetic
toyota,yaris,2019,side bumper(r),213.94,521.07,869.12,synthetic
toyota,yaris,2019,car hood,676.87,2379.69,3625.75,synthetic
toyota,yaris,2019,car boot,831.07,2287.75,3561.73,synthetic
toyota,yaris,2019,fender (f/l),312.6,695.32,1267.32,synthetic
toyota,yaris,2019,fender (f/r),294.85,875.56,1287.79,synthetic
toyota,yaris,2019,fender (r/l),,713.64,1233.72,synthetic
toyota,yaris,2019,fender (r/r),338.95,876.37,1217.3,synthetic
toyota,yaris,2019,headlight (l),363.04,2508.48,4617.95,synthetic
toyota,yaris,2019,headlight (r),379.87,2658.76,4804.8,synthetic
toyota,yaris,2019,rear light (l),207.83,1366.08,2506.64,synthetic
toyota,yaris,2019,rear light (r),207.69,1684.82,2816.05,synthetic
toyota,yaris,2019,driver door(f/r),1150.87,2720.5,4557.47,synthetic
toyota,yaris,2019,passenger door (f/l),1165.21,2756.09,4461.52,synthetic
toyota,yaris,2019,passenger door (r/l),851.66,3024.7,4803.38,synthetic
toyota,yaris,2019,passenger door (r/r),899.53,2478.11,4705.68,synthetic
toyota,yaris,2020,front bumper,469.99,1262.38,1892.95,synthetic
toyota,yaris,2020,rear bumper,,1097.45,1543.07,synthetic
toyota,yaris,2020,side bumper(l),244.59,622.16,1162.01,synthetic
toyota,yaris,2020,side bumper(r),189.14,727.01,994.43,synthetic
toyota,yaris,2020,car hood,724.52,1957.46,3766.85,synthetic
toyota,yaris,2020,car boot,868.96,2448.78,4498.89,synthetic
toyota,yaris,2020,fender (f/l),259.79,796.2,1315.95,synthetic
toyota,yaris,2020,fender (f/r),337.61,880.96,1256.35,synthetic
toyota,yaris,2020,fender (r/l),279.45,916.11,1302.42,synthetic
toyota,yaris,2020,fender (r/r),369.01,853.13,1459.61,synthetic
toyota,yaris,2020,headlight (l),462.19,2585.41,5124.35,synthetic
toyota,yaris,2020,headlight (r),478.5,2994.76,5742.66,synthetic
toyota,yaris,2020,rear light (l),317.02,1443.93,3047.94,synthetic
toyota,yaris,2020,rear light (r),299.34,1696.34,2774.81,synthetic
toyota,yaris,2020,driver door(f/r),1312.62,2839.65,5232.16,synthetic
toyota,yaris,2020,passenger door (f/l),1127.97,2773.46,5151.75,synthetic
toyota,yaris,2020,passenger door (r/l),1185.1,3124.38,5215.07,synthetic
toyota,yaris,2020,passenger door (r/r),959.31,3292.39,4427.91,synthetic
toyota,yaris,2021,front bumper,513.2,1193.19,2157.9,synthetic
toyota,yaris,2021,rear bumper,326.7,1108.04,1709.37,synthetic
toyota,yaris,2021,side bumper(l),199.79,695.26,1153.01,synthetic
toyota,yaris,2021,side bumper(r),218.17,657.26,1221.47,synthetic
toyota,yaris,2021,car hood,911.38,2463.45,4283.59,synthetic
toyota,yaris,2021,car boot,854.04,2796.97,4911.94,synthetic
toyota,yaris,2021,fender (f/l),382.57,873.89,1326.42,synthetic
toyota,yaris,2021,fender (f/r),380.65,838.65,1578.97,synthetic
toyota,yaris,2021,fender (r/l),333.39,825.12,1613.93,synthetic
toyota,yaris,2021,fender (r/r),394.77,926.8,1525.98,synthetic
toyota,yaris,2021,headlight (l),460.84,3010.54,5474.35,synthetic
toyota,yaris,2021,headlight (r),488.62,3346.54,5454.82,synthetic
toyota,yaris,2021,rear light (l),309.98,1635.55,3051.86,synthetic
toyota,yaris,2021,rear light (r),,1797.77,3338.3,synthetic
toyota,yaris,2021,driver door(f/r),1350.52,3475.69,5703.95,synthetic
toyota,yaris,2021,passenger door (f/l),1073.71,3146.95,6252.34,synthetic
toyota,yaris,2021,passenger door (r/l),1192.89,2756.49,4585.9,synthetic
toyota,yaris,2021,passenger door (r/r),1227.42,3192.02,4840.38,synthetic
toyota,yaris,2022,front bumper,416.72,1151.72,2039.78,synthetic
toyota,yaris,2022,rear bumper,339.38,1181.91,1955.99,synthetic
toyota,yaris,2022,side bumper(l),248.93,635.9,1135.95,synthetic
toyota,yaris,2022,side bumper(r),267.31,775.19,1059.18,synthetic
toyota,yaris,2022,car hood,699.28,2627.46,4723.23,synthetic
toyota,yaris,2022,car boot,1046.3,2880.62,5317.97,synthetic
toyota,yaris,2022,fender (f/l),283.47,934.1,1448.12,synthetic
toyota,yaris,2022,fender (f/r),337.09,967.06,1491.31,synthetic
toyota,yaris,2022,fender (r/l),378.08,1103.3,1694.37,synthetic
toyota,yaris,2022,fender (r/r),,1128.0,1516.48,synthetic
toyota,yaris,2022,headlight (l),564.49,3580.84,6680.4,synthetic
toyota,yaris,2022,headlight (r),535.5,3289.79,5325.41,synthetic
toyota,yaris,2022,rear light (l),303.89,1942.55,3479.16,synthetic
toyota,yaris,2022,rear light (r),281.67,1906.89,3092.76,synthetic
toyota,yaris,2022,driver door(f/r),1510.17,3903.46,6713.23,synthetic
toyota,yaris,2022,passenger door (f/l),1371.81,3500.72,5920.38,synthetic
toyota,yaris,2022,passenger door (r/l),1381.83,3777.94,5100.46,synthetic
toyota,yaris,2022,passenger door (r/r),1060.37,3784.2,5265.94,synthetic
toyota,yaris,2023,front bumper,512.06,1524.86,1946.97,synthetic
toyota,yaris,2023,rear bumper,457.51,1163.74,1857.45,synthetic
toyota,yaris,2023,side bumper(l),260.5,869.9,1354.09,synthetic
toyota,yaris,2023,side bumper(r),326.33,765.44,1138.93,synthetic
toyota,yaris,2023,car hood,886.73,2449.0,5038.74,synthetic
toyota,yaris,2023,car boot,990.79,3178.28,5366.84,synthetic
toyota,yaris,2023,fender (f/l),419.57,1005.56,1745.97,synthetic
toyota,yaris,2023,fender (f/r),371.67,885.31,1491.03,synthetic
toyota,yaris,2023,fender (r/l),,911.71,1821.47,synthetic
toyota,yaris,2023,fender (r/r),415.66,1077.22,1923.54,synthetic
toyota,yaris,2023,headlight (l),450.69,3511.62,6891.47,synthetic
toyota,yaris,2023,headlight (r),530.79,3271.58,6991.69,synthetic
toyota,yaris,2023,rear light (l),342.73,1927.69,3239.09,synthetic
toyota,yaris,2023,rear light (r),296.84,2094.55,4032.06,synthetic
toyota,yaris,2023,driver door(f/r),,3391.04,6428.28,synthetic
toyota,yaris,2023,passenger door (f/l),1708.78,4225.67,6611.47,synthetic
toyota,yaris,2023,passenger door (r/l),1445.55,4100.19,6123.06,synthetic
toyota,yaris,2023,passenger door (r/r),1374.35,3181.56,5863.39,synthetic
toyota,yaris,2024,front bumper,,1416.28,2376.72,synthetic
toyota,yaris,2024,rear bumper,371.61,1266.54,2345.23,synthetic
toyota,yaris,2024,side bumper(l),279.87,870.37,1380.35,synthetic
toyota,yaris,2024,side bumper(r),278.3,748.45,1497.43,synthetic
toyota,yaris,2024,car hood,912.68,2475.47,4488.82,synthetic
toyota,yaris,2024,car boot,,2858.74,5354.17,synthetic
toyota,yaris,2024,fender (f/l),320.89,1155.86,1844.42,synthetic
toyota,yaris,2024,fender (f/r),439.37,1116.35,1545.56,synthetic
toyota,yaris,2024,fender (r/l),481.78,1226.53,1831.52,synthetic
toyota,yaris,2024,fender (r/r),481.75,1202.24,2038.7,synthetic
toyota,yaris,2024,headlight (l),513.86,3339.53,7206.79,synthetic
toyota,yaris,2024,headlight (r),477.15,4202.36,5966.03,synthetic
toyota,yaris,2024,rear light (l),327.67,2312.09,3898.44,synthetic
toyota,yaris,2024,rear light (r),405.36,1788.31,3455.88,synthetic
toyota,yaris,2024,driver door(f/r),1643.44,4618.44,6669.26,synthetic
toyota,yaris,2024,passenger door (f/l),1347.42,4515.06,7489.28,synthetic
toyota,yaris,2024,passenger door (r/l),1440.01,3328.08,6244.18,synthetic
toyota,yaris,2024,passenger door (r/r),1237.77,3733.86,5911.67,synthetic
toyota,corolla,2018,front bumper,434.39,946.33,1912.75,synthetic
toyota,corolla,2018,rear bumper,312.35,857.22,1750.95,synthetic
toyota,corolla,2018,side bumper(l),201.61,603.75,970.32,synthetic
toyota,corolla,2018,side bumper(r),193.94,610.0,1099.65,synthetic
toyota,corolla,2018,car hood,,2196.17,3805.9,synthetic
toyota,corolla,2018,car boot,748.26,2841.66,3774.5,synthetic
toyota,corolla,2018,fender (f/l),350.4,768.24,1308.04,synthetic
toyota,corolla,2018,fender (f/r),345.81,934.37,1427.62,synthetic
toyota,corolla,2018,fender (r/l),,853.89,1414.98,synthetic
toyota,corolla,2018,fender (r/r),289.22,953.98,1409.25,synthetic
toyota,corolla,2018,headlight (l),429.12,3153.01,5563.74,synthetic
toyota,corolla,2018,headlight (r),381.15,2637.96,5780.15,synthetic
toyota,corolla,2018,rear light (l),273.62,1682.28,2903.54,synthetic
toyota,corolla,2018,rear light (r),272.51,1447.01,2732.93,synthetic
toyota,corolla,2018,driver door(f/r),1409.55,3039.58,5715.62,synthetic
toyota,corolla,2018,passenger door (f/l),1078.95,2776.41,4748.33,synthetic
toyota,corolla,2018,passenger door (r/l),989.85,2848.09,4801.96,synthetic
toyota,corolla,2018,passenger door (r/r),950.95,2879.28,4782.8,synthetic
toyota,corolla,2019,front bumper,511.36,1080.72,2087.62,synthetic
toyota,corolla,2019,rear bumper,364.36,1133.2,1744.37,synthetic
toyota,corolla,2019,side bumper(l),259.11,693.6,1171.93,synthetic
toyota,corolla,2019,side bumper(r),282.55,706.55,1021.16,synthetic
toyota,corolla,2019,car hood,893.06,2644.42,4044.75,synthetic
toyota,corolla,2019,car boot,881.67,2680.14,4969.93,synthetic
toyota,corolla,2019,fender (f/l),348.07,986.96,1314.1,synthetic
toyota,corolla,2019,fender (f/r),300.75,805.02,1366.8,synthetic
toyota,corolla,2019,fender (r/l),320.93,896.69,1404.18,synthetic
toyota,corolla,2019,fender (r/r),366.7,931.17,1482.38,synthetic
toyota,corolla,2019,headlight (l),562.5,3315.12,5441.39,synthetic
toyota,corolla,2019,headlight (r),418.34,2736.64,5459.93,synthetic
toyota,corolla,2019,rear light (l),262.01,1534.44,2953.62,synthetic
toyota,corolla,2019,rear light (r),307.2,1635.06,3283.0,synthetic
toyota,corolla,2019,driver door(f/r),1376.58,3204.21,6165.88,synthetic
toyota,corolla,2019,passenger door (f/l),1396.64,2977.4,5496.71,synthetic
toyota,corolla,2019,passenger door (r/l),1236.13,2789.39,5544.97,synthetic
toyota,corolla,2019,passenger door (r/r),1301.04,3490.54,5260.98,synthetic
toyota,corolla,2020,front bumper,518.74,1231.79,2242.78,synthetic
toyota,corolla,2020,rear bumper,393.7,1232.94,1858.4,synthetic
toyota,corolla,2020,side bumper(l),256.76,810.04,1343.67,synthetic
toyota,corolla,2020,side bumper(r),277.86,828.97,1100.65,synthetic
toyota,corolla,2020,car hood,942.7,2863.49,4722.74,synthetic
toyota,corolla,2020,car boot,872.51,2902.79,4557.15,synthetic
toyota,corolla,2020,fender (f/l),385.9,835.13,1689.12,synthetic
toyota,corolla,2020,fender (f/r),361.37,839.19,1504.87,synthetic
toyota,corolla,2020,fender (r/l),453.47,1111.73,1636.99,synthetic
toyota,corolla,2020,fender (r/r),449.17,970.44,1518.51,synthetic
toyota,corolla,2020,headlight (l),614.66,2813.9,5707.24,synthetic
toyota,corolla,2020,headlight (r),453.32,2922.41,6192.59,synthetic
toyota,corolla,2020,rear light (l),,2178.0,3629.64,synthetic
toyota,corolla,2020,rear light (r),374.94,1844.19,3302.44,synthetic
toyota,corolla,2020,driver door(f/r),1283.04,3276.88,5361.29,synthetic
toyota,corolla,2020,passenger door (f/l),1579.57,3822.16,6819.64,synthetic
toyota,corolla,2020,passenger door (r/l),1190.4,3085.72,5119.08,synthetic
toyota,corolla,2020,passenger door (r/r),1457.86,3854.81,6202.87,synthetic
toyota,corolla,2021,front bumper,600.23,1305.48,2024.61,synthetic
toyota,corolla,2021,rear bumper,431.48,1104.13,2011.54,synthetic
toyota,corolla,2021,side bumper(l),,779.45,1454.89,synthetic
toyota,corolla,2021,side bumper(r),262.82,786.21,1302.98,synthetic
toyota,corolla,2021,car hood,1015.28,3103.66,5139.61,synthetic
toyota,corolla,2021,car boot,1272.5,3209.95,5615.33,synthetic
toyota,corolla,2021,fender (f/l),356.89,966.81,1660.9,synthetic
toyota,corolla,2021,fender (f/r),440.69,965.56,1512.51,synthetic
toyota,corolla,2021,fender (r/l),336.71,960.97,1648.0,synthetic
toyota,corolla,2021,fender (r/r),398.27,1185.93,1868.56,synthetic
toyota,corolla,2021,headlight (l),,3339.42,6938.09,synthetic
toyota,corolla,2021,headlight (r),449.26,3847.34,6474.29,synthetic
toyota,corolla,2021,rear light (l),299.39,2290.46,4040.96,synthetic
toyota,corolla,2021,rear light (r),332.42,2039.76,4144.3,synthetic
toyota,corolla,2021,driver door(f/r),1318.53,4372.23,6036.97,synthetic
toyota,corolla,2021,passenger door (f/l),1592.81,3885.03,7184.24,synthetic
toyota,corolla,2021,passenger door (r/l),1401.43,4134.73,6529.27,synthetic
toyota,corolla,2021,passenger door (r/r),1320.58,3804.78,5465.45,synthetic
toyota,corolla,2022,front bumper,646.37,1318.8,2159.97,synthetic
toyota,corolla,2022,rear bumper,506.94,1186.69,2134.24,synthetic
toyota,corolla,2022,side bumper(l),308.76,733.38,1295.11,synthetic
toyota,corolla,2022,side bumper(r),345.52,912.51,1226.13,synthetic
toyota,corolla,2022,car hood,1040.67,2769.69,5436.59,synthetic
toyota,corolla,2022,car boot,,3779.01,6153.09,synthetic
toyota,corolla,2022,fender (f/l),401.13,1024.76,1736.17,synthetic
toyota,corolla,2022,fender (f/r),408.37,1238.62,1783.31,synthetic
toyota,corolla,2022,fender (r/l),456.51,1102.78,2041.68,synthetic
toyota,corolla,2022,fender (r/r),382.08,1050.96,2002.33,synthetic
toyota,corolla,2022,headlight (l),657.49,3430.06,6633.43,synthetic
toyota,corolla,2022,headlight (r),699.3,4249.25,6442.47,synthetic
toyota,corolla,2022,rear light (l),306.42,2164.66,3922.54,synthetic
toyota,corolla,2022,rear light (r),417.7,2082.81,3952.15,synthetic
toyota,corolla,2022,driver door(f/r),1778.33,3623.12,6630.72,synthetic
toyota,corolla,2022,passenger door (f/l),1412.75,3873.32,6161.24,synthetic
toyota,corolla,2022,passenger door (r/l),1343.93,3385.34,5926.92,synthetic
toyota,corolla,2022,passenger door (r/r),1693.78,3890.63,6208.37,synthetic
toyota,corolla,2023,front bumper,517.57,1421.3,2394.12,synthetic
toyota,corolla,2023,rear bumper,439.71,1556.82,2373.95,synthetic
toyota,corolla,2023,side bumper(l),369.74,771.6,1367.79,synthetic
toyota,corolla,2023,side bumper(r),329.56,769.22,1435.79,synthetic
toyota,corolla,2023,car hood,1133.19,3280.54,5023.91,synthetic
toyota,corolla,2023,car boot,1223.26,3172.4,6511.69,synthetic
toyota,corolla,2023,fender (f/l),389.3,1247.27,1889.07,synthetic
toyota,corolla,2023,fender (f/r),,1282.22,1968.48,synthetic
toyota,corolla,2023,fender (r/l),474.26,1325.54,1820.96,synthetic
toyota,corolla,2023,fender (r/r),532.69,1051.64,2116.01,synthetic
toyota,corolla,2023,headlight (l),616.59,3399.99,7913.42,synthetic
toyota,corolla,2023,headlight (r),640.27,4202.23,7707.44,synthetic
toyota,corolla,2023,rear light (l),382.74,2220.14,4657.33,synthetic
toyota,corolla,2023,rear light (r),347.48,2032.49,4545.29,synthetic
toyota,corolla,2023,driver door(f/r),1787.84,4475.47,6818.91,synthetic
toyota,corolla,2023,passenger door (f/l),1384.78,4397.62,7432.23,synthetic
toyota,corolla,2023,passenger door (r/l),,4555.52,7157.46,synthetic
toyota,corolla,2023,passenger door (r/r),1382.3,4193.05,7421.28,synthetic
toyota,corolla,2024,front bumper,706.77,1545.81,2618.89,synthetic
toyota,corolla,2024,rear bumper,421.46,1259.08,2703.92,synthetic
toyota,corolla,2024,side bumper(l),298.36,825.58,1713.82,synthetic
toyota,corolla,2024,side bumper(r),355.25,1060.0,1496.42,synthetic
toyota,corolla,2024,car hood,905.23,3017.09,5991.22,synthetic
toyota,corolla,2024,car boot,,3634.52,6266.06,synthetic
toyota,corolla,2024,fender (f/l),398.04,1114.13,1878.35,synthetic
toyota,corolla,2024,fender (f/r),404.87,1108.0,2000.04,synthetic
toyota,corolla,2024,fender (r/l),437.87,1134.49,2036.32,synthetic
toyota,corolla,2024,fender (r/r),498.3,1422.13,2341.63,synthetic
toyota,corolla,2024,headlight (l),693.65,4209.57,6912.32,synthetic
toyota,corolla,2024,headlight (r),634.96,3777.93,8080.88,synthetic
toyota,corolla,2024,rear light (l),413.31,2482.79,4382.17,synthetic
toyota,corolla,2024,rear light (r),362.03,2382.51,4480.16,synthetic
toyota,corolla,2024,driver door(f/r),1977.73,4622.37,8042.35,synthetic
toyota,corolla,2024,passenger door (f/l),,4605.55,8198.01,synthetic
toyota,corolla,2024,passenger door (r/l),1468.65,4367.51,7748.91,synthetic
toyota,corolla,2024,passenger door (r/r),1951.29,4363.19,7087.72,synthetic
toyota,camry,2018,front bumper,596.41,1299.27,2498.67,synthetic
toyota,camry,2018,rear bumper,492.12,1261.61,2178.83,synthetic
toyota,camry,2018,side bumper(l),242.94,831.96,1181.35,synthetic
toyota,camry,2018,side bumper(r),245.65,730.69,1286.92,synthetic
toyota,camry,2018,car hood,996.81,2486.14,4754.21,synthetic
toyota,camry,2018,car boot,1173.73,3363.15,5392.41,synthetic
toyota,camry,2018,fender (f/l),355.01,1128.11,1682.41,synthetic
toyota,camry,2018,fender (f/r),402.51,894.01,1773.2,synthetic
toyota,camry,2018,fender (r/l),386.21,973.38,1627.79,synthetic
toyota,camry,2018,fender (r/r),449.65,987.16,1742.93,synthetic
toyota,camry,2018,headlight (l),646.51,3115.78,6229.67,synthetic
toyota,camry,2018,headlight (r),458.09,3286.62,7382.6,synthetic
toyota,camry,2018,rear light (l),309.4,1801.97,3369.71,synthetic
toyota,camry,2018,rear light (r),394.19,2018.76,4000.94,synthetic
toyota,camry,2018,driver door(f/r),1464.09,3706.66,6677.32,synthetic
toyota,camry,2018,passenger door (f/l),1705.06,3552.92,6957.35,synthetic
toyota,camry,2018,passenger door (r/l),1657.25,3327.51,6129.67,synthetic
toyota,camry,2018,passenger door (r/r),1373.71,3732.23,5453.22,synthetic
toyota,camry,2019,front bumper,534.23,1721.25,2333.96,synthetic
toyota,camry,2019,rear bumper,482.37,1217.07,2249.86,synthetic
toyota,camry,2019,side bumper(l),352.97,905.13,1494.68,synthetic
toyota,camry,2019,side bumper(r),362.68,775.97,1531.09,synthetic
toyota,camry,2019,car hood,1203.95,3281.11,5442.5,synthetic
toyota,camry,2019,car boot,1203.15,3611.69,6117.88,synthetic
toyota,camry,2019,fender (f/l),486.3,1260.72,1745.01,synthetic
toyota,camry,2019,fender (f/r),413.41,1115.67,1764.55,synthetic
toyota,camry,2019,fender (r/l),492.95,1168.34,2009.86,synthetic
toyota,camry,2019,fender (r/r),489.56,1039.07,2117.71,synthetic
toyota,camry,2019,headlight (l),557.1,3596.76,7152.72,synthetic
toyota,camry,2019,headlight (r),585.64,4190.89,6487.04,synthetic
toyota,camry,2019,rear light (l),442.0,2418.14,3818.88,synthetic
toyota,camry,2019,rear light (r),330.0,2176.0,4379.87,synthetic
toyota,camry,2019,driver door(f/r),1463.06,4970.63,7341.56,synthetic
toyota,camry,2019,passenger door (f/l),1642.87,4550.87,7285.23,synthetic
toyota,camry,2019,passenger door (r/l),1542.04,3659.28,7059.25,synthetic
toyota,camry,2019,passenger door (r/r),1311.89,4376.3,7247.9,synthetic
toyota,camry,2020,front bumper,584.79,1452.62,2656.48,synthetic
toyota,camry,2020,rear bumper,569.05,1316.56,2280.55,synthetic
toyota,camry,2020,side bumper(l),315.15,1019.5,1526.63,synthetic
toyota,camry,2020,side bumper(r),299.82,939.26,1412.26,synthetic
toyota,camry,2020,car hood,1130.98,3518.94,6088.82,synthetic
toyota,camry,2020,car boot,1558.36,3459.85,5625.52,synthetic
toyota,camry,2020,fender (f/l),510.46,1383.87,2154.66,synthetic
toyota,camry,2020,fender (f/r),519.69,1184.33,1750.0,synthetic
toyota,camry,2020,fender (r/l),396.84,1306.31,2012.67,synthetic
toyota,camry,2020,fender (r/r),506.83,1431.99,2175.16,synthetic
toyota,camry,2020,headlight (l),745.68,4697.12,7010.04,synthetic
toyota,camry,2020,headlight (r),604.21,3618.58,8026.04,synthetic
toyota,camry,2020,rear light (l),343.23,2627.52,4781.86,synthetic
toyota,camry,2020,rear light (r),359.47,2693.49,4218.28,synthetic
toyota,camry,2020,driver door(f/r),1446.18,4090.19,8121.99,synthetic
toyota,camry,2020,passenger door (f/l),,4298.5,8028.65,synthetic
toyota,camry,2020,passenger door (r/l),1855.26,3803.45,6530.59,synthetic
toyota,camry,2020,passenger door (r/r),1642.99,4163.54,6749.32,synthetic
toyota,camry,2021,front bumper,697.04,1494.18,2779.82,synthetic
toyota,camry,2021,rear bumper,477.16,1365.83,2752.31,synthetic
toyota,camry,2021,side bumper(l),363.34,867.2,1506.91,synthetic
toyota,camry,2021,side bumper(r),312.1,1002.52,1666.96,synthetic
toyota,camry,2021,car hood,,3897.08,6204.35,synthetic
toyota,camry,2021,car boot,1190.89,3996.53,6059.63,synthetic
toyota,camry,2021,fender (f/l),406.84,1290.93,2051.25,synthetic
toyota,camry,2021,fender (f/r),401.28,1268.71,2005.75,synthetic
toyota,camry,2021,fender (r/l),423.07,1549.33,2417.07,synthetic
toyota,camry,2021,fender (r/r),578.3,1184.43,2488.99,synthetic
toyota,camry,2021,headlight (l),651.18,4291.86,7387.9,synthetic
toyota,camry,2021,headlight (r),576.55,4684.43,8132.67,synthetic
toyota,camry,2021,rear light (l),380.99,2592.76,4692.05,synthetic
toyota,camry,2021,rear light (r),350.8,2332.13,4389.21,synthetic
toyota,camry,2021,driver door(f/r),1650.44,5177.08,7682.46,synthetic
toyota,camry,2021,passenger door (f/l),2218.17,5093.5,7953.71,synthetic
toyota,camry,2021,passenger door (r/l),1448.79,4329.94,7818.28,synthetic
toyota,camry,2021,passenger door (r/r),2080.85,4508.31,7889.98,synthetic
toyota,camry,2022,front bumper,705.77,1726.62,2977.06,synthetic
toyota,camry,2022,rear bumper,,1874.09,2645.79,synthetic
toyota,camry,2022,side bumper(l),375.64,1080.12,1615.9,synthetic
toyota,camry,2022,side bumper(r),449.17,1208.45,1627.98,synthetic
toyota,camry,2022,car hood,1356.57,3709.91,6331.11,synthetic
toyota,camry,2022,car boot,1492.84,4101.42,7011.02,synthetic
toyota,camry,2022,fender (f/l),439.22,1545.3,2351.56,synthetic
toyota,camry,2022,fender (f/r),,1422.51,2051.86,synthetic
toyota,camry,2022,fender (r/l),557.79,1424.39,2433.38,synthetic
toyota,camry,2022,fender (r/r),536.53,1324.04,2661.14,synthetic
toyota,camry,2022,headlight (l),808.81,4515.62,7924.23,synthetic
toyota,camry,2022,headlight (r),,4656.28,9093.72,synthetic
toyota,camry,2022,rear light (l),,2763.72,4749.01,synthetic
toyota,camry,2022,rear light (r),390.5,3057.69,5239.94,synthetic
toyota,camry,2022,driver door(f/r),1657.77,5700.55,8930.54,synthetic
toyota,camry,2022,passenger door (f/l),1896.94,4934.1,9135.32,synthetic
toyota,camry,2022,passenger door (r/l),1637.01,5097.61,7879.57,synthetic
toyota,camry,2022,passenger door (r/r),1696.02,5436.45,7997.2,synthetic
toyota,camry,2023,front bumper,686.63,1780.5,2874.77,synthetic
toyota,camry,2023,rear bumper,514.09,1855.71,2849.02,synthetic
toyota,camry,2023,side bumper(l),394.08,1085.63,1683.53,synthetic
toyota,camry,2023,side bumper(r),425.13,1186.73,1766.47,synthetic
toyota,camry,2023,car hood,1166.91,3643.32,5888.78,synthetic
toyota,camry,2023,car boot,1411.32,4152.37,7054.03,synthetic
toyota,camry,2023,fender (f/l),561.64,1276.53,2183.83,synthetic
toyota,camry,2023,fender (f/r),497.88,1554.27,2426.99,synthetic
toyota,camry,2023,fender (r/l),620.51,1376.97,2549.08,synthetic
toyota,camry,2023,fender (r/r),530.86,1604.65,2752.21,synthetic
toyota,camry,2023,headlight (l),832.4,4909.52,8696.0,synthetic
toyota,camry,2023,headlight (r),791.44,4852.77,10234.63,synthetic
toyota,camry,2023,rear light (l),454.56,2798.1,5749.8,synthetic
toyota,camry,2023,rear light (r),,2755.13,5725.9,synthetic
toyota,camry,2023,driver door(f/r),2443.62,5740.88,9082.65,synthetic
toyota,camry,2023,passenger door (f/l),2270.5,4883.05,10140.2,synthetic
toyota,camry,2023,passenger door (r/l),1869.69,4683.36,8388.34,synthetic
toyota,camry,2023,passenger door (r/r),1918.11,5535.08,8350.4,synthetic
toyota,camry,2024,front bumper,818.63,2272.83,3058.03,synthetic
toyota,camry,2024,rear bumper,,1894.61,3361.28,synthetic
toyota,camry,2024,side bumper(l),349.68,1320.7,1832.75,synthetic
toyota,camry,2024,side bumper(r),429.03,1314.45,1791.29,synthetic
toyota,camry,2024,car hood,1437.95,4782.85,6886.58,synthetic
toyota,camry,2024,car boot,1759.2,5397.71,8510.28,synthetic
toyota,camry,2024,fender (f/l),455.0,1366.97,2597.29,synthetic
toyota,camry,2024,fender (f/r),,1425.6,2705.11,synthetic
toyota,camry,2024,fender (r/l),586.32,1647.89,2710.09,synthetic
toyota,camry,2024,fender (r/r),582.72,1700.63,2726.14,synthetic
toyota,camry,2024,headlight (l),891.0,4957.24,8860.91,synthetic
toyota,camry,2024,headlight (r),750.66,5343.12,10646.15,synthetic
toyota,camry,2024,rear light (l),564.68,2928.05,5495.31,synthetic
toyota,camry,2024,rear light (r),443.78,2661.61,5746.71,synthetic
toyota,camry,2024,driver door(f/r),1949.8,5223.6,10502.28,synthetic
toyota,camry,2024,passenger door (f/l),2546.23,6415.69,10894.72,synthetic
toyota,camry,2024,passenger door (r/l),2245.64,5495.14,9280.42,synthetic
toyota,camry,2024,passenger door (r/r),1846.33,5566.86,9060.13,synthetic
nissan,micra,2018,front bumper,337.02,854.0,1197.52,synthetic
nissan,micra,2018,rear bumper,,811.83,1331.93,synthetic
nissan,micra,2018,side bumper(l),186.16,402.66,745.45,synthetic
nissan,micra,2018,side bumper(r),141.77,502.05,679.14,synthetic
nissan,micra,2018,car hood,567.78,1756.12,3024.98,synthetic
nissan,micra,2018,car boot,705.35,1810.73,2711.35,synthetic
nissan,micra,2018,fender (f/l),223.04,636.79,970.39,synthetic
nissan,micra,2018,fender (f/r),221.92,527.71,916.82,synthetic
nissan,micra,2018,fender (r/l),263.77,719.71,949.08,synthetic
nissan,micra,2018,fender (r/r),213.87,549.25,1169.75,synthetic
nissan,micra,2018,headlight (l),352.18,1887.28,3924.13,synthetic
nissan,micra,2018,headlight (r),306.26,2196.75,3561.62,synthetic
nissan,micra,2018,rear light (l),185.05,1095.12,2101.36,synthetic
nissan,micra,2018,rear light (r),229.83,1162.02,2065.51,synthetic
nissan,micra,2018,driver door(f/r),816.83,2538.42,4285.41,synthetic
nissan,micra,2018,passenger door (f/l),1007.08,2411.73,3533.29,synthetic
nissan,micra,2018,passenger door (r/l),829.43,2270.66,3849.21,synthetic
nissan,micra,2018,passenger door (r/r),957.39,2335.87,3510.37,synthetic
nissan,micra,2019,front bumper,,1006.66,1482.86,synthetic
nissan,micra,2019,rear bumper,,813.09,1167.65,synthetic
nissan,micra,2019,side bumper(l),174.64,479.56,819.29,synthetic
nissan,micra,2019,side bumper(r),154.3,533.55,834.51,synthetic
nissan,micra,2019,car hood,551.13,1831.08,2665.09,synthetic
nissan,micra,2019,car boot,591.12,2208.83,3527.91,synthetic
nissan,micra,2019,fender (f/l),258.16,686.6,1063.3,synthetic
nissan,micra,2019,fender (f/r),193.73,677.21,1140.51,synthetic
nissan,micra,2019,fender (r/l),246.46,648.57,1167.28,synthetic
nissan,micra,2019,fender (r/r),300.14,662.11,1201.67,synthetic
nissan,micra,2019,headlight (l),410.98,2276.03,4175.59,synthetic
nissan,micra,2019,headlight (r),,2571.87,3732.45,synthetic
nissan,micra,2019,rear light (l),251.27,1306.53,2441.52,synthetic
nissan,micra,2019,rear light (r),179.08,1399.07,2516.98,synthetic
nissan,micra,2019,driver door(f/r),876.74,2813.07,3731.25,synthetic
nissan,micra,2019,passenger door (f/l),857.89,2625.45,4593.09,synthetic
nissan,micra,2019,passenger door (r/l),860.5,2479.71,3659.25,synthetic
nissan,micra,2019,passenger door (r/r),1068.02,2522.83,3933.64,synthetic
nissan,micra,2020,front bumper,292.85,811.4,1551.11,synthetic
nissan,micra,2020,rear bumper,284.92,928.26,1246.43,synthetic
nissan,micra,2020,side bumper(l),171.27,533.72,801.53,synthetic
nissan,micra,2020,side bumper(r),170.21,611.01,877.31,synthetic
nissan,micra,2020,car hood,651.8,2161.38,2811.3,synthetic
nissan,micra,2020,car boot,889.03,1934.74,3226.49,synthetic
nissan,micra,2020,fender (f/l),299.47,710.72,1155.97,synthetic
nissan,micra,2020,fender (f/r),204.24,767.1,1034.73,synthetic
nissan,micra,2020,fender (r/l),,681.22,1260.28,synthetic
nissan,micra,2020,fender (r/r),292.37,671.2,1280.85,synthetic
nissan,micra,2020,headlight (l),377.19,2496.72,4113.66,synthetic
nissan,micra,2020,headlight (r),352.58,2542.5,4099.73,synthetic
nissan,micra,2020,rear light (l),195.52,1359.69,2397.17,synthetic
nissan,micra,2020,rear light (r),207.82,1550.11,2791.98,synthetic
nissan,micra,2020,driver door(f/r),1067.29,2404.08,4349.75,synthetic
nissan,micra,2020,passenger door (f/l),1085.9,2846.03,4232.92,synthetic
nissan,micra,2020,passenger door (r/l),805.01,2685.69,4087.01,synthetic
nissan,micra,2020,passenger door (r/r),,2387.37,3920.74,synthetic
nissan,micra,2021,front bumper,357.64,1101.2,1792.87,synthetic
nissan,micra,2021,rear bumper,,773.53,1636.95,synthetic
nissan,micra,2021,side bumper(l),241.0,577.82,918.58,synthetic
nissan,micra,2021,side bumper(r),165.68,593.86,966.01,synthetic
nissan,micra,2021,car hood,,2139.46,3595.88,synthetic
nissan,micra,2021,car boot,961.41,2085.43,3575.0,synthetic
nissan,micra,2021,fender (f/l),222.37,665.36,1370.89,synthetic
nissan,micra,2021,fender (f/r),230.82,661.75,1292.26,synthetic
nissan,micra,2021,fender (r/l),,683.25,1209.68,synthetic
nissan,micra,2021,fender (r/r),252.47,781.54,1211.81,synthetic
nissan,micra,2021,headlight (l),368.85,2934.11,5239.11,synthetic
nissan,micra,2021,headlight (r),385.37,2499.19,4673.0,synthetic
nissan,micra,2021,rear light (l),240.77,1645.87,3018.76,synthetic
nissan,micra,2021,rear light (r),251.48,1306.14,2531.89,synthetic
nissan,micra,2021,driver door(f/r),962.96,3263.89,4382.48,synthetic
nissan,micra,2021,passenger door (f/l),1137.34,3101.4,4640.03,synthetic
nissan,micra,2021,passenger door (r/l),1050.96,2645.01,3911.46,synthetic
nissan,micra,2021,passenger door (r/r),1154.25,2786.47,4712.76,synthetic
nissan,micra,2022,front bumper,344.51,917.7,1660.11,synthetic
nissan,micra,2022,rear bumper,356.53,899.6,1595.53,synthetic
nissan,micra,2022,side bumper(l),210.0,567.36,927.7,synthetic
nissan,micra,2022,side bumper(r),179.06,561.21,896.68,synthetic
nissan,micra,2022,car hood,672.68,2487.15,3363.17,synthetic
nissan,micra,2022,car boot,,2104.4,4396.58,synthetic
nissan,micra,2022,fender (f/l),341.53,892.53,1317.94,synthetic
nissan,micra,2022,fender (f/r),,771.54,1352.97,synthetic
nissan,micra,2022,fender (r/l),262.46,838.52,1395.83,synthetic
nissan,micra,2022,fender (r/r),268.93,931.64,1283.41,synthetic
nissan,micra,2022,headlight (l),403.64,2676.16,4655.72,synthetic
nissan,micra,2022,headlight (r),488.16,2710.41,5070.55,synthetic
nissan,micra,2022,rear light (l),282.9,1578.15,2735.12,synthetic
nissan,micra,2022,rear light (r),269.41,1450.28,2743.09,synthetic
nissan,micra,2022,driver door(f/r),949.79,3582.66,4631.15,synthetic
nissan,micra,2022,passenger door (f/l),1112.71,3114.51,5546.27,synthetic
nissan,micra,2022,passenger door (r/l),1105.33,2479.96,4091.45,synthetic
nissan,micra,2022,passenger door (r/r),1167.66,2541.87,4215.69,synthetic
nissan,micra,2023,front bumper,,1212.1,1705.39,synthetic
nissan,micra,2023,rear bumper,398.48,943.42,1837.66,synthetic
nissan,micra,2023,side bumper(l),256.18,589.48,1161.26,synthetic
nissan,micra,2023,side bumper(r),239.94,622.53,1016.56,synthetic
nissan,micra,2023,car hood,773.01,2369.09,3720.03,synthetic
nissan,micra,2023,car boot,873.55,2728.75,4727.26,synthetic
nissan,micra,2023,fender (f/l),293.39,755.74,1427.56,synthetic
nissan,micra,2023,fender (f/r),,790.81,1535.76,synthetic
nissan,micra,2023,fender (r/l),352.76,781.21,1601.26,synthetic
nissan,micra,2023,fender (r/r),,990.51,1340.22,synthetic
nissan,micra,2023,headlight (l),532.02,2763.55,4910.05,synthetic
nissan,micra,2023,headlight (r),,2514.29,5098.81,synthetic
nissan,micra,2023,rear light (l),268.37,1877.56,3436.78,synthetic
nissan,micra,2023,rear light (r),239.68,1882.98,3092.01,synthetic
nissan,micra,2023,driver door(f/r),1439.83,3566.74,5689.73,synthetic
nissan,micra,2023,passenger door (f/l),1084.33,3023.94,5633.58,synthetic
nissan,micra,2023,passenger door (r/l),1126.67,3298.81,5263.84,synthetic
nissan,micra,2023,passenger door (r/r),1289.99,3350.48,5111.06,synthetic
nissan,micra,2024,front bumper,414.63,1137.8,1773.93,synthetic
nissan,micra,2024,rear bumper,316.54,1060.08,1966.34,synthetic
nissan,micra,2024,side bumper(l),265.72,730.77,1029.04,synthetic
nissan,micra,2024,side bumper(r),250.89,663.61,1209.76,synthetic
nissan,micra,2024,car hood,877.01,2104.79,4401.53,synthetic
nissan,micra,2024,car boot,1030.21,2536.15,4752.12,synthetic
nissan,micra,2024,fender (f/l),322.11,927.02,1449.84,synthetic
nissan,micra,2024,fender (f/r),325.32,987.22,1571.17,synthetic
nissan,micra,2024,fender (r/l),319.49,925.55,1667.69,synthetic
nissan,micra,2024,fender (r/r),361.66,1039.84,1492.21,synthetic
nissan,micra,2024,headlight (l),438.71,2730.63,6100.58,synthetic
nissan,micra,2024,headlight (r),443.74,3422.73,5488.04,synthetic
nissan,micra,2024,rear light (l),349.27,1651.16,2897.3,synthetic
nissan,micra,2024,rear light (r),,1561.98,3418.17,synthetic
nissan,micra,2024,driver door(f/r),1495.26,3120.76,5188.34,synthetic
nissan,micra,2024,passenger door (f/l),1542.18,3703.04,6110.13,synthetic
nissan,micra,2024,passenger door (r/l),1141.06,2959.19,5185.4,synthetic
nissan,micra,2024,passenger door (r/r),1285.36,2981.02,5770.55,synthetic
nissan,qashqai,2018,front bumper,531.45,1011.68,1911.3,synthetic
nissan,qashqai,2018,rear bumper,344.84,1078.39,1732.79,synthetic
nissan,qashqai,2018,side bumper(l),262.34,717.92,1209.58,synthetic
nissan,qashqai,2018,side bumper(r),250.51,697.38,1084.99,synthetic
nissan,qashqai,2018,car hood,740.41,2142.13,3725.25,synthetic
nissan,qashqai,2018,car boot,1030.3,2851.15,4964.49,synthetic
nissan,qashqai,2018,fender (f/l),262.66,981.44,1565.34,synthetic
nissan,qashqai,2018,fender (f/r),330.99,1005.68,1451.16,synthetic
nissan,qashqai,2018,fender (r/l),293.29,849.25,1498.39,synthetic
nissan,qashqai,2018,fender (r/r),,1073.1,1479.45,synthetic
nissan,qashqai,2018,headlight (l),537.82,3135.2,5194.84,synthetic
nissan,qashqai,2018,headlight (r),526.52,3286.62,5599.49,synthetic
nissan,qashqai,2018,rear light (l),342.58,1829.47,3129.53,synthetic
nissan,qashqai,2018,rear light (r),314.62,1609.11,2947.87,synthetic
nissan,qashqai,2018,driver door(f/r),1172.47,3573.03,5086.51,synthetic
nissan,qashqai,2018,passenger door (f/l),1169.05,2924.25,5098.6,synthetic
nissan,qashqai,2018,passenger door (r/l),1376.33,2907.46,5462.06,synthetic
nissan,qashqai,2018,passenger door (r/r),,3040.18,5342.98,synthetic
nissan,qashqai,2019,front bumper,463.76,1456.65,2093.0,synthetic
nissan,qashqai,2019,rear bumper,322.42,1210.12,1966.88,synthetic
nissan,qashqai,2019,side bumper(l),305.95,629.13,1152.62,synthetic
nissan,qashqai,2019,side bumper(r),240.63,679.82,1219.53,synthetic
nissan,qashqai,2019,car hood,726.85,2936.49,4625.93,synthetic
nissan,qashqai,2019,car boot,1124.72,2836.22,4724.94,synthetic
nissan,qashqai,2019,fender (f/l),409.58,843.95,1525.58,synthetic
nissan,qashqai,2019,fender (f/r),328.5,911.39,1388.09,synthetic
nissan,qashqai,2019,fender (r/l),370.46,918.32,1766.11,synthetic
nissan,qashqai,2019,fender (r/r),378.09,949.76,1696.01,synthetic
nissan,qashqai,2019,headlight (l),463.66,3510.25,5380.77,synthetic
nissan,qashqai,2019,headlight (r),416.13,2941.36,5422.38,synthetic
nissan,qashqai,2019,rear light (l),284.76,1685.34,3241.17,synthetic
nissan,qashqai,2019,rear light (r),313.55,1807.13,3765.71,synthetic
nissan,qashqai,2019,driver door(f/r),1291.17,3388.95,5870.62,synthetic
nissan,qashqai,2019,passenger door (f/l),,3480.68,6160.06,synthetic
nissan,qashqai,2019,passenger door (r/l),1135.96,3318.0,6109.48,synthetic
nissan,qashqai,2019,passenger door (r/r),,3162.05,5034.63,synthetic
nissan,qashqai,2020,front bumper,479.23,1232.39,2052.95,synthetic
nissan,qashqai,2020,rear bumper,329.24,1246.2,1982.54,synthetic
nissan,qashqai,2020,side bumper(l),285.4,744.64,1235.31,synthetic
nissan,qashqai,2020,side bumper(r),319.75,716.05,1173.73,synthetic
nissan,qashqai,2020,car hood,872.28,2826.86,4483.59,synthetic
nissan,qashqai,2020,car boot,1153.39,3179.0,4826.36,synthetic
nissan,qashqai,2020,fender (f/l),415.29,1048.49,1508.81,synthetic
nissan,qashqai,2020,fender (f/r),401.3,1110.44,1722.16,synthetic
nissan,qashqai,2020,fender (r/l),442.65,1143.53,1561.95,synthetic
nissan,qashqai,2020,fender (r/r),381.04,1140.94,1643.08,synthetic
nissan,qashqai,2020,headlight (l),648.83,3841.45,7153.07,synthetic
nissan,qashqai,2020,headlight (r),447.82,3656.25,6360.11,synthetic
nissan,qashqai,2020,rear light (l),300.91,2314.98,3813.3,synthetic
nissan,qashqai,2020,rear light (r),,1830.93,3942.21,synthetic
nissan,qashqai,2020,driver door(f/r),1673.0,3408.54,6740.95,synthetic
nissan,qashqai,2020,passenger door (f/l),1551.02,4225.07,6250.41,synthetic
nissan,qashqai,2020,passenger door (r/l),1152.38,3763.4,5968.64,synthetic
nissan,qashqai,2020,passenger door (r/r),,3580.32,5793.93,synthetic
nissan,qashqai,2021,front bumper,518.98,1677.82,2594.25,synthetic
nissan,qashqai,2021,rear bumper,,1445.87,2151.64,synthetic
nissan,qashqai,2021,side bumper(l),246.95,845.83,1545.27,synthetic
nissan,qashqai,2021,side bumper(r),246.52,764.62,1479.24,synthetic
nissan,qashqai,2021,car hood,1038.7,3104.94,4398.53,synthetic
nissan,qashqai,2021,car boot,1327.67,3128.98,5833.42,synthetic
nissan,qashqai,2021,fender (f/l),323.84,993.36,1647.88,synthetic
nissan,qashqai,2021,fender (f/r),383.86,1094.0,1775.64,synthetic
nissan,qashqai,2021,fender (r/l),354.28,1197.24,1837.64,synthetic
nissan,qashqai,2021,fender (r/r),500.54,1246.55,2046.64,synthetic
nissan,qashqai,2021,headlight (l),507.33,3991.5,6454.15,synthetic
nissan,qashqai,2021,headlight (r),491.64,4137.48,6320.61,synthetic
nissan,qashqai,2021,rear light (l),409.15,2139.58,4200.72,synthetic
nissan,qashqai,2021,rear light (r),400.41,2118.32,4240.18,synthetic
nissan,qashqai,2021,driver door(f/r),1867.16,4248.16,6881.7,synthetic
nissan,qashqai,2021,passenger door (f/l),1791.36,4335.33,6410.36,synthetic
nissan,qashqai,2021,passenger door (r/l),,4215.79,6822.92,synthetic
nissan,qashqai,2021,passenger door (r/r),,4090.76,6851.67,synthetic
nissan,qashqai,2022,front bumper,674.73,1585.57,2350.29,synthetic
nissan,qashqai,2022,rear bumper,424.11,1406.82,2073.23,synthetic
nissan,qashqai,2022,side bumper(l),356.42,798.67,1383.8,synthetic
nissan,qashqai,2022,side bumper(r),318.97,968.59,1459.71,synthetic
nissan,qashqai,2022,car hood,1105.99,2800.29,4844.5,synthetic
nissan,qashqai,2022,car boot,1214.94,3852.73,6028.19,synthetic
nissan,qashqai,2022,fender (f/l),366.77,1066.41,1935.24,synthetic
nissan,qashqai,2022,fender (f/r),424.92,1046.84,1975.12,synthetic
nissan,qashqai,2022,fender (r/l),419.65,1232.37,2235.38,synthetic
nissan,qashqai,2022,fender (r/r),482.3,1083.62,2057.45,synthetic
nissan,qashqai,2022,headlight (l),749.99,4272.42,7903.22,synthetic
nissan,qashqai,2022,headlight (r),656.34,3952.5,8027.78,synthetic
nissan,qashqai,2022,rear light (l),380.01,2600.11,4308.48,synthetic
nissan,qashqai,2022,rear light (r),373.24,2101.31,3720.89,synthetic
nissan,qashqai,2022,driver door(f/r),1696.17,4377.28,7300.61,synthetic
nissan,qashqai,2022,passenger door (f/l),,4475.66,6741.83,synthetic
nissan,qashqai,2022,passenger door (r/l),1758.5,4259.65,7181.27,synthetic
nissan,qashqai,2022,passenger door (r/r),,3862.92,6317.31,synthetic
nissan,qashqai,2023,front bumper,534.46,1562.75,2440.84,synthetic
nissan,qashqai,2023,rear bumper,455.08,1314.44,2286.05,synthetic
nissan,qashqai,2023,side bumper(l),277.41,1055.51,1741.67,synthetic
nissan,qashqai,2023,side bumper(r),329.29,815.52,1620.95,synthetic
nissan,qashqai,2023,car hood,1016.99,3064.49,5807.01,synthetic
nissan,qashqai,2023,car boot,1171.78,4024.04,6369.95,synthetic
nissan,qashqai,2023,fender (f/l),379.45,1337.58,2099.95,synthetic
nissan,qashqai,2023,fender (f/r),482.91,1210.4,2231.3,synthetic
nissan,qashqai,2023,fender (r/l),520.96,1264.0,2361.3,synthetic
nissan,qashqai,2023,fender (r/r),583.91,1468.23,2010.73,synthetic
nissan,qashqai,2023,headlight (l),805.22,3940.2,7721.04,synthetic
nissan,qashqai,2023,headlight (r),616.88,3637.09,7313.4,synthetic
nissan,qashqai,2023,rear light (l),394.1,2200.69,4881.32,synthetic
nissan,qashqai,2023,rear light (r),336.3,2551.54,4645.21,synthetic
nissan,qashqai,2023,driver door(f/r),1435.77,4451.81,8644.93,synthetic
nissan,qashqai,2023,passenger door (f/l),1950.12,5199.97,7071.33,synthetic
nissan,qashqai,2023,passenger door (r/l),1499.62,4000.91,7701.82,synthetic
nissan,qashqai,2023,passenger door (r/r),1658.93,5006.08,6627.53,synthetic
nissan,qashqai,2024,front bumper,794.13,1781.56,2616.64,synthetic
nissan,qashqai,2024,rear bumper,505.23,1473.48,2467.66,synthetic
nissan,qashqai,2024,side bumper(l),305.95,1076.85,1458.85,synthetic
nissan,qashqai,2024,side bumper(r),414.3,942.37,1532.49,synthetic
nissan,qashqai,2024,car hood,1284.69,3752.37,5663.29,synthetic
nissan,qashqai,2024,car boot,1679.91,4536.81,6562.48,synthetic
nissan,qashqai,2024,fender (f/l),464.57,1272.86,1955.64,synthetic
nissan,qashqai,2024,fender (f/r),480.69,1115.83,2102.61,synthetic
nissan,qashqai,2024,fender (r/l),,1441.45,2470.72,synthetic
nissan,qashqai,2024,fender (r/r),532.85,1504.7,2271.92,synthetic
nissan,qashqai,2024,headlight (l),607.04,5022.32,8229.84,synthetic
nissan,qashqai,2024,headlight (r),734.8,4734.32,8893.21,synthetic
nissan,qashqai,2024,rear light (l),408.86,2591.68,5080.45,synthetic
nissan,qashqai,2024,rear light (r),407.17,2268.05,5207.23,synthetic
nissan,qashqai,2024,driver door(f/r),2006.71,4958.62,8100.27,synthetic
nissan,qashqai,2024,passenger door (f/l),1566.36,5234.32,8829.1,synthetic
nissan,qashqai,2024,passenger door (r/l),1541.94,5234.39,7861.57,synthetic
nissan,qashqai,2024,passenger door (r/r),1765.54,4735.77,8339.67,synthetic
ford,fiesta,2018,front bumper,329.03,827.9,1403.08,synthetic
ford,fiesta,2018,rear bumper,,737.01,1434.38,synthetic
ford,fiesta,2018,side bumper(l),,459.94,808.65,synthetic
ford,fiesta,2018,side bumper(r),163.44,551.07,917.62,synthetic
ford,fiesta,2018,car hood,591.25,1783.97,3268.97,synthetic
ford,fiesta,2018,car boot,,2144.5,3640.11,synthetic
ford,fiesta,2018,fender (f/l),230.68,740.63,1142.29,synthetic
ford,fiesta,2018,fender (f/r),242.85,629.86,1085.32,synthetic
ford,fiesta,2018,fender (r/l),255.38,747.1,1238.83,synthetic
ford,fiesta,2018,fender (r/r),258.88,682.63,1191.29,synthetic
ford,fiesta,2018,headlight (l),380.2,2538.2,4117.48,synthetic
ford,fiesta,2018,headlight (r),431.02,2010.57,3930.92,synthetic
ford,fiesta,2018,rear light (l),255.6,1150.14,2120.64,synthetic
ford,fiesta,2018,rear light (r),258.86,1182.43,2401.47,synthetic
ford,fiesta,2018,driver door(f/r),775.83,2660.87,3975.24,synthetic
ford,fiesta,2018,passenger door (f/l),876.85,2724.55,4375.61,synthetic
ford,fiesta,2018,passenger door (r/l),732.53,2305.48,3645.72,synthetic
ford,fiesta,2018,passenger door (r/r),1008.13,2339.44,3938.16,synthetic
ford,fiesta,2019,front bumper,410.37,937.46,1471.39,synthetic
ford,fiesta,2019,rear bumper,289.25,842.31,1405.11,synthetic
ford,fiesta,2019,side bumper(l),211.4,503.5,841.22,synthetic
ford,fiesta,2019,side bumper(r),173.23,564.66,879.21,synthetic
ford,fiesta,2019,car hood,657.63,1771.1,2972.31,synthetic
ford,fiesta,2019,car boot,756.99,2145.1,3224.36,synthetic
ford,fiesta,2019,fender (f/l),264.82,725.38,1224.36,synthetic
ford,fiesta,2019,fender (f/r),233.51,779.25,1291.58,synthetic
ford,fiesta,2019,fender (r/l),284.85,693.15,1101.21,synthetic
ford,fiesta,2019,fender (r/r),244.48,805.91,1241.17,synthetic
ford,fiesta,2019,headlight (l),312.48,2690.04,4183.49,synthetic
ford,fiesta,2019,headlight (r),363.44,2525.55,4335.31,synthetic
ford,fiesta,2019,rear light (l),207.43,1280.44,2547.22,synthetic
ford,fiesta,2019,rear light (r),211.24,1205.86,2603.78,synthetic
ford,fiesta,2019,driver door(f/r),1228.76,2861.19,4504.62,synthetic
ford,fiesta,2019,passenger door (f/l),1214.26,3060.9,4343.29,synthetic
ford,fiesta,2019,passenger door (r/l),879.71,2562.99,4390.11,synthetic
ford,fiesta,2019,passenger door (r/r),803.96,2731.28,4451.74,synthetic
ford,fiesta,2020,front bumper,415.35,1007.4,1826.4,synthetic
ford,fiesta,2020,rear bumper,309.36,971.5,1672.08,synthetic
ford,fiesta,2020,side bumper(l),193.2,636.62,908.94,synthetic
ford,fiesta,2020,side bumper(r),239.35,631.43,951.91,synthetic
ford,fiesta,2020,car hood,655.9,1952.76,3209.47,synthetic
ford,fiesta,2020,car boot,752.37,2333.86,3790.83,synthetic
ford,fiesta,2020,fender (f/l),266.27,669.13,1129.47,synthetic
ford,fiesta,2020,fender (f/r),,746.94,1232.31,synthetic
ford,fiesta,2020,fender (r/l),308.27,815.48,1211.18,synthetic
ford,fiesta,2020,fender (r/r),260.13,716.85,1357.22,synthetic
ford,fiesta,2020,headlight (l),376.08,2385.8,5407.34,synthetic
ford,fiesta,2020,headlight (r),372.58,2507.98,4532.78,synthetic
ford,fiesta,2020,rear light (l),202.41,1595.28,2799.47,synthetic
ford,fiesta,2020,rear light (r),216.92,1655.71,2979.08,synthetic
ford,fiesta,2020,driver door(f/r),1068.41,2696.65,4585.2,synthetic
ford,fiesta,2020,passenger door (f/l),1138.65,2913.26,5395.53,synthetic
ford,fiesta,2020,passenger door (r/l),1241.81,2527.04,4746.12,synthetic
ford,fiesta,2020,passenger door (r/r),894.95,3044.37,4250.06,synthetic
ford,fiesta,2021,front bumper,427.71,1091.79,1783.81,synthetic
ford,fiesta,2021,rear bumper,,1031.63,1792.29,synthetic
ford,fiesta,2021,side bumper(l),191.12,673.5,1025.92,synthetic
ford,fiesta,2021,side bumper(r),190.79,633.68,948.24,synthetic
ford,fiesta,2021,car hood,822.45,2070.13,3702.85,synthetic
ford,fiesta,2021,car boot,959.46,2788.65,4081.25,synthetic
ford,fiesta,2021,fender (f/l),242.9,725.82,1243.76,synthetic
ford,fiesta,2021,fender (f/r),338.76,780.66,1388.9,synthetic
ford,fiesta,2021,fender (r/l),338.65,833.2,1439.74,synthetic
ford,fiesta,2021,fender (r/r),,999.17,1287.12,synthetic
ford,fiesta,2021,headlight (l),513.99,2659.12,5395.86,synthetic
ford,fiesta,2021,headlight (r),427.02,2625.43,5011.82,synthetic
ford,fiesta,2021,rear light (l),,1627.53,3292.81,synthetic
ford,fiesta,2021,rear light (r),,1662.9,3276.12,synthetic
ford,fiesta,2021,driver door(f/r),1225.4,3538.6,4885.43,synthetic
ford,fiesta,2021,passenger door (f/l),961.39,3422.3,5749.36,synthetic
ford,fiesta,2021,passenger door (r/l),1088.78,2537.55,5241.7,synthetic
ford,fiesta,2021,passenger door (r/r),905.74,3106.15,4740.84,synthetic
ford,fiesta,2022,front bumper,392.83,1019.01,1934.69,synthetic
ford,fiesta,2022,rear bumper,349.28,1144.89,1893.37,synthetic
ford,fiesta,2022,side bumper(l),191.29,712.63,1086.98,synthetic
ford,fiesta,2022,side bumper(r),251.77,642.95,1219.79,synthetic
ford,fiesta,2022,car hood,846.33,2022.71,4363.59,synthetic
ford,fiesta,2022,car boot,796.39,2557.9,4300.62,synthetic
ford,fiesta,2022,fender (f/l),327.59,856.28,1266.22,synthetic
ford,fiesta,2022,fender (f/r),356.14,920.78,1502.54,synthetic
ford,fiesta,2022,fender (r/l),322.13,815.35,1422.63,synthetic
ford,fiesta,2022,fender (r/r),415.45,924.93,1327.73,synthetic
ford,fiesta,2022,headlight (l),441.38,3080.55,4978.64,synthetic
ford,fiesta,2022,headlight (r),449.56,3382.11,5917.25,synthetic
ford,fiesta,2022,rear light (l),297.29,1792.23,3272.93,synthetic
ford,fiesta,2022,rear light (r),291.25,1978.51,3344.62,synthetic
ford,fiesta,2022,driver door(f/r),1455.99,3115.07,4990.23,synthetic
ford,fiesta,2022,passenger door (f/l),1274.34,3741.92,5469.2,synthetic
ford,fiesta,2022,passenger door (r/l),1200.86,2694.99,5208.96,synthetic
ford,fiesta,2022,passenger door (r/r),1025.24,3216.93,5182.68,synthetic
ford,fiesta,2023,front bumper,399.55,1422.24,1964.58,synthetic
ford,fiesta,2023,rear bumper,321.01,1164.55,1896.54,synthetic
ford,fiesta,2023,side bumper(l),210.47,798.3,1144.75,synthetic
ford,fiesta,2023,side bumper(r),248.21,690.45,1278.62,synthetic
ford,fiesta,2023,car hood,773.96,2795.14,4483.78,synthetic
ford,fiesta,2023,car boot,905.49,2921.94,4449.47,synthetic
ford,fiesta,2023,fender (f/l),269.52,941.97,1453.65,synthetic
ford,fiesta,2023,fender (f/r),355.48,1021.43,1551.62,synthetic
ford,fiesta,2023,fender (r/l),,988.55,1577.05,synthetic
ford,fiesta,2023,fender (r/r),378.0,1030.42,1631.21,synthetic
ford,fiesta,2023,headlight (l),518.38,2777.12,5338.73,synthetic
ford,fiesta,2023,headlight (r),458.64,2789.47,5780.66,synthetic
ford,fiesta,2023,rear light (l),281.69,1952.3,3475.94,synthetic
ford,fiesta,2023,rear light (r),333.23,1912.89,3470.84,synthetic
ford,fiesta,2023,driver door(f/r),1081.32,3824.94,5705.07,synthetic
ford,fiesta,2023,passenger door (f/l),1514.95,3707.03,5530.28,synthetic
ford,fiesta,2023,passenger door (r/l),1179.55,3294.68,5112.88,synthetic
ford,fiesta,2023,passenger door (r/r),1091.35,3793.52,4870.13,synthetic
ford,fiesta,2024,front bumper,579.55,1324.24,2246.24,synthetic
ford,fiesta,2024,rear bumper,411.04,1116.1,1860.37,synthetic
ford,fiesta,2024,side bumper(l),266.2,772.81,1179.55,synthetic
ford,fiesta,2024,side bumper(r),,653.42,1169.64,synthetic
ford,fiesta,2024,car hood,747.26,2914.09,3948.62,synthetic
ford,fiesta,2024,car boot,968.66,3355.73,4954.89,synthetic
ford,fiesta,2024,fender (f/l),357.71,942.21,1623.07,synthetic
ford,fiesta,2024,fender (f/r),425.81,954.98,1540.18,synthetic
ford,fiesta,2024,fender (r/l),369.45,1142.84,1668.68,synthetic
ford,fiesta,2024,fender (r/r),329.37,1146.84,1782.65,synthetic
ford,fiesta,2024,headlight (l),457.2,3188.43,6926.22,synthetic
ford,fiesta,2024,headlight (r),523.45,2898.63,6062.68,synthetic
ford,fiesta,2024,rear light (l),377.62,1945.56,3824.03,synthetic
ford,fiesta,2024,rear light (r),260.96,1828.41,3616.4,synthetic
ford,fiesta,2024,driver door(f/r),1624.9,3507.23,5798.45,synthetic
ford,fiesta,2024,passenger door (f/l),1660.91,4222.39,6626.08,synthetic
ford,fiesta,2024,passenger door (r/l),1334.33,3470.07,5346.84,synthetic
ford,fiesta,2024,passenger door (r/r),1081.85,3120.16,6210.5,synthetic
ford,focus,2018,front bumper,393.47,1078.52,1685.71,synthetic
ford,focus,2018,rear bumper,355.26,1032.59,1680.22,synthetic
ford,focus,2018,side bumper(l),203.4,610.68,973.78,synthetic
ford,focus,2018,side bumper(r),202.65,549.37,990.41,synthetic
ford,focus,2018,car hood,,2248.18,3566.69,synthetic
ford,focus,2018,car boot,865.78,2614.5,4072.88,synthetic
ford,focus,2018,fender (f/l),265.52,698.51,1441.73,synthetic
ford,focus,2018,fender (f/r),298.86,867.36,1249.98,synthetic
ford,focus,2018,fender (r/l),272.48,795.14,1260.04,synthetic
ford,focus,2018,fender (r/r),283.61,903.57,1524.05,synthetic
ford,focus,2018,headlight (l),441.97,2722.79,4862.93,synthetic
ford,focus,2018,headlight (r),452.89,3156.67,5608.2,synthetic
ford,focus,2018,rear light (l),301.63,1565.26,3009.58,synthetic
ford,focus,2018,rear light (r),249.82,1799.44,2841.39,synthetic
ford,focus,2018,driver door(f/r),1257.35,3538.92,4763.94,synthetic
ford,focus,2018,passenger door (f/l),1169.66,2901.04,5411.91,synthetic
ford,focus,2018,passenger door (r/l),1157.52,2711.6,4619.15,synthetic
ford,focus,2018,passenger door (r/r),1046.14,2604.61,5154.08,synthetic
ford,focus,2019,front bumper,479.51,1127.92,1813.86,synthetic
ford,focus,2019,rear bumper,332.01,1047.26,1740.57,synthetic
ford,focus,2019,side bumper(l),200.58,664.77,1009.15,synthetic
ford,focus,2019,side bumper(r),275.55,686.5,1138.16,synthetic
ford,focus,2019,car hood,911.09,2446.2,4167.91,synthetic
ford,focus,2019,car boot,1112.49,2918.14,4757.28,synthetic
ford,focus,2019,fender (f/l),284.51,805.91,1331.91,synthetic
ford,focus,2019,fender (f/r),254.55,751.77,1332.93,synthetic
ford,focus,2019,fender (r/l),,997.99,1510.24,synthetic
ford,focus,2019,fender (r/r),334.78,890.79,1349.86,synthetic
ford,focus,2019,headlight (l),,3172.57,5781.54,synthetic
ford,focus,2019,headlight (r),,3255.87,6012.41,synthetic
ford,focus,2019,rear light (l),330.8,1865.58,3385.48,synthetic
ford,focus,2019,rear light (r),308.8,1942.46,3266.21,synthetic
ford,focus,2019,driver door(f/r),1476.11,3309.26,5611.61,synthetic
ford,focus,2019,passenger door (f/l),1469.71,2938.72,5482.47,synthetic
ford,focus,2019,passenger door (r/l),1311.64,3169.88,5503.0,synthetic
ford,focus,2019,passenger door (r/r),969.82,3002.26,4438.07,synthetic
ford,focus,2020,front bumper,477.91,1398.07,2186.28,synthetic
ford,focus,2020,rear bumper,309.8,1139.85,1864.46,synthetic
ford,focus,2020,side bumper(l),292.61,806.5,1149.88,synthetic
ford,focus,2020,side bumper(r),240.59,765.64,1170.6,synthetic
ford,focus,2020,car hood,984.96,2488.26,4441.64,synthetic
ford,focus,2020,car boot,814.98,2516.73,4705.33,synthetic
ford,focus,2020,fender (f/l),314.16,979.35,1585.97,synthetic
ford,focus,2020,fender (f/r),335.39,1040.24,1509.87,synthetic
ford,focus,2020,fender (r/l),325.54,927.19,1422.39,synthetic
ford,focus,2020,fender (r/r),332.82,926.16,1701.76,synthetic
ford,focus,2020,headlight (l),452.56,2878.51,6275.34,synthetic
ford,focus,2020,headlight (r),495.27,3202.44,6151.76,synthetic
ford,focus,2020,rear light (l),340.39,1582.99,3199.65,synthetic
ford,focus,2020,rear light (r),259.89,1717.43,3210.41,synthetic
ford,focus,2020,driver door(f/r),1433.71,3487.31,6197.09,synthetic
ford,focus,2020,passenger door (f/l),,3660.98,5214.07,synthetic
ford,focus,2020,passenger door (r/l),1220.11,3763.35,5668.54,synthetic
ford,focus,2020,passenger door (r/r),1436.25,3553.46,5525.72,synthetic
ford,focus,2021,front bumper,484.13,1219.36,2163.83,synthetic
ford,focus,2021,rear bumper,401.62,1209.85,2190.79,synthetic
ford,focus,2021,side bumper(l),310.23,833.25,1392.54,synthetic
ford,focus,2021,side bumper(r),244.36,763.02,1363.28,synthetic
ford,focus,2021,car hood,988.19,2404.88,4227.9,synthetic
ford,focus,2021,car boot,934.13,2920.3,4750.3,synthetic
ford,focus,2021,fender (f/l),389.57,949.69,1639.66,synthetic
ford,focus,2021,fender (f/r),403.47,950.3,1675.89,synthetic
ford,focus,2021,fender (r/l),349.62,1173.21,1755.75,synthetic
ford,focus,2021,fender (r/r),345.3,1191.4,1812.66,synthetic
ford,focus,2021,headlight (l),504.38,3733.57,6588.54,synthetic
ford,focus,2021,headlight (r),526.71,3638.06,6121.57,synthetic
ford,focus,2021,rear light (l),340.82,2239.69,3432.54,synthetic
ford,focus,2021,rear light (r),346.17,1984.22,3892.39,synthetic
ford,focus,2021,driver door(f/r),1184.26,4443.72,6674.21,synthetic
ford,focus,2021,passenger door (f/l),1525.39,4278.89,5707.57,synthetic
ford,focus,2021,passenger door (r/l),1551.54,3233.22,5171.21,synthetic
ford,focus,2021,passenger door (r/r),1529.46,3191.67,6242.9,synthetic
ford,focus,2022,front bumper,540.23,1556.69,2252.29,synthetic
ford,focus,2022,rear bumper,384.84,1265.2,2121.23,synthetic
ford,focus,2022,side bumper(l),320.56,833.31,1430.09,synthetic
ford,focus,2022,side bumper(r),235.43,904.63,1203.32,synthetic
ford,focus,2022,car hood,1031.77,2793.01,5217.16,synthetic
ford,focus,2022,car boot,924.17,3059.21,5459.62,synthetic
ford,focus,2022,fender (f/l),388.14,1171.63,1893.13,synthetic
ford,focus,2022,fender (f/r),377.0,1068.22,1908.27,synthetic
ford,focus,2022,fender (r/l),,1195.93,1765.07,synthetic
ford,focus,2022,fender (r/r),,1106.44,1813.21,synthetic
ford,focus,2022,headlight (l),617.13,3411.86,6795.29,synthetic
ford,focus,2022,headlight (r),497.75,3535.33,6268.56,synthetic
ford,focus,2022,rear light (l),303.02,2091.52,3513.23,synthetic
ford,focus,2022,rear light (r),,1842.41,3798.42,synthetic
ford,focus,2022,driver door(f/r),1591.33,3824.25,6743.41,synthetic
ford,focus,2022,passenger door (f/l),1791.11,4175.69,6832.44,synthetic
ford,focus,2022,passenger door (r/l),1693.36,4094.49,5809.36,synthetic
ford,focus,2022,passenger door (r/r),1396.68,4152.87,6599.43,synthetic
ford,focus,2023,front bumper,614.13,1407.85,2317.61,synthetic
ford,focus,2023,rear bumper,486.9,1231.21,1965.53,synthetic
ford,focus,2023,side bumper(l),264.45,760.38,1331.48,synthetic
ford,focus,2023,side bumper(r),301.57,744.87,1581.48,synthetic
ford,focus,2023,car hood,943.22,2879.38,5012.32,synthetic
ford,focus,2023,car boot,1045.71,3128.95,6174.33,synthetic
ford,focus,2023,fender (f/l),386.54,1240.86,1898.54,synthetic
ford,focus,2023,fender (f/r),435.83,955.62,1930.32,synthetic
ford,focus,2023,fender (r/l),502.55,1349.52,2125.57,synthetic
ford,focus,2023,fender (r/r),448.77,1137.72,1912.32,synthetic
ford,focus,2023,headlight (l),702.54,3517.95,7818.1,synthetic
ford,focus,2023,headlight (r),725.65,4296.99,6729.75,synthetic
ford,focus,2023,rear light (l),308.73,2074.11,4171.26,synthetic
ford,focus,2023,rear light (r),423.75,2294.85,3578.29,synthetic
ford,focus,2023,driver door(f/r),,4185.54,7107.3,synthetic
ford,focus,2023,passenger door (f/l),1525.57,3944.43,7355.78,synthetic
ford,focus,2023,passenger door (r/l),1519.65,3922.28,7206.95,synthetic
ford,focus,2023,passenger door (r/r),1532.65,4293.13,6584.62,synthetic
ford,focus,2024,front bumper,571.55,1570.73,2320.89,synthetic
ford,focus,2024,rear bumper,432.12,1272.02,2385.83,synthetic
ford,focus,2024,side bumper(l),267.29,966.28,1546.82,synthetic
ford,focus,2024,side bumper(r),317.96,972.33,1512.81,synthetic
ford,focus,2024,car hood,996.75,3325.61,5930.4,synthetic
ford,focus,2024,car boot,1068.58,3605.17,6572.41,synthetic
ford,focus,2024,fender (f/l),513.13,1339.31,1735.92,synthetic
ford,focus,2024,fender (f/r),405.7,1302.36,1893.57,synthetic
ford,focus,2024,fender (r/l),497.47,1358.78,1810.59,synthetic
ford,focus,2024,fender (r/r),412.96,1197.39,1964.31,synthetic
ford,focus,2024,headlight (l),,3597.12,6872.2,synthetic
ford,focus,2024,headlight (r),636.14,4633.29,6818.2,synthetic
ford,focus,2024,rear light (l),422.34,2435.63,4441.65,synthetic
ford,focus,2024,rear light (r),325.54,2342.48,4495.02,synthetic
ford,focus,2024,driver door(f/r),1945.33,4021.85,7854.77,synthetic
ford,focus,2024,passenger door (f/l),1633.82,4392.81,7728.82,synthetic
ford,focus,2024,passenger door (r/l),1607.04,4651.24,6705.94,synthetic
ford,focus,2024,passenger door (r/r),1327.2,3667.87,6669.67,synthetic
honda,jazz,2018,front bumper,380.51,992.38,1338.31,synthetic
honda,jazz,2018,rear bumper,250.17,836.78,1257.69,synthetic
honda,jazz,2018,side bumper(l),220.78,579.73,807.94,synthetic
honda,jazz,2018,side bumper(r),176.67,577.63,877.14,synthetic
honda,jazz,2018,car hood,684.75,1817.0,2947.19,synthetic
honda,jazz,2018,car boot,749.33,2024.99,3283.2,synthetic
honda,jazz,2018,fender (f/l),,743.7,1036.16,synthetic
honda,jazz,2018,fender (f/r),265.37,744.0,1209.73,synthetic
honda,jazz,2018,fender (r/l),242.59,783.29,1244.42,synthetic
honda,jazz,2018,fender (r/r),319.37,644.46,1325.07,synthetic
honda,jazz,2018,headlight (l),403.18,2687.61,4608.43,synthetic
honda,jazz,2018,headlight (r),366.32,2069.7,4259.14,synthetic
honda,jazz,2018,rear light (l),214.78,1293.13,2557.21,synthetic
honda,jazz,2018,rear light (r),184.28,1315.69,2294.94,synthetic
honda,jazz,2018,driver door(f/r),842.29,2820.38,4150.49,synthetic
honda,jazz,2018,passenger door (f/l),,2299.31,4309.67,synthetic
honda,jazz,2018,passenger door (r/l),931.35,2469.53,3828.8,synthetic
honda,jazz,2018,passenger door (r/r),891.15,2596.33,4271.1,synthetic
honda,jazz,2019,front bumper,391.58,909.27,1537.31,synthetic
honda,jazz,2019,rear bumper,267.22,817.46,1491.93,synthetic
honda,jazz,2019,side bumper(l),238.54,521.35,977.13,synthetic
honda,jazz,2019,side bumper(r),,531.58,891.15,synthetic
honda,jazz,2019,car hood,622.47,2173.6,3008.49,synthetic
honda,jazz,2019,car boot,876.82,2489.61,3739.46,synthetic
honda,jazz,2019,fender (f/l),257.9,666.75,1185.3,synthetic
honda,jazz,2019,fender (f/r),318.39,646.44,1217.16,synthetic
honda,jazz,2019,fender (r/l),297.99,676.97,1224.95,synthetic
honda,jazz,2019,fender (r/r),303.41,778.04,1216.48,synthetic
honda,jazz,2019,headlight (l),386.06,2823.22,5254.82,synthetic
honda,jazz,2019,headlight (r),387.72,2831.67,4642.11,synthetic
honda,jazz,2019,rear light (l),216.85,1578.99,2720.73,synthetic
honda,jazz,2019,rear light (r),270.29,1345.69,2839.73,synthetic
honda,jazz,2019,driver door(f/r),1013.52,2617.42,4160.98,synthetic
honda,jazz,2019,passenger door (f/l),1016.25,2950.31,4371.24,synthetic
honda,jazz,2019,passenger door (r/l),914.39,2447.43,4300.0,synthetic
honda,jazz,2019,passenger door (r/r),897.11,2483.77,3977.55,synthetic
honda,jazz,2020,front bumper,449.86,1060.87,1829.4,synthetic
honda,jazz,2020,rear bumper,272.84,1090.84,1717.89,synthetic
honda,jazz,2020,side bumper(l),190.2,547.04,926.91,synthetic
honda,jazz,2020,side bumper(r),214.86,668.56,1074.99,synthetic
honda,jazz,2020,car hood,779.05,1860.73,3461.25,synthetic
honda,jazz,2020,car boot,699.25,2119.64,4402.88,synthetic
honda,jazz,2020,fender (f/l),262.78,842.47,1396.6,synthetic
honda,jazz,2020,fender (f/r),236.18,901.04,1256.51,synthetic
honda,jazz,2020,fender (r/l),317.96,916.57,1285.48,synthetic
honda,jazz,2020,fender (r/r),286.17,973.37,1277.46,synthetic
honda,jazz,2020,headlight (l),509.0,2463.16,5648.5,synthetic
honda,jazz,2020,headlight (r),501.92,2519.08,5238.28,synthetic
honda,jazz,2020,rear light (l),311.74,1428.97,3085.15,synthetic
honda,jazz,2020,rear light (r),227.14,1543.22,3104.51,synthetic
honda,jazz,2020,driver door(f/r),1177.41,3580.6,4952.12,synthetic
honda,jazz,2020,passenger door (f/l),1097.47,3017.23,5313.29,synthetic
honda,jazz,2020,passenger door (r/l),1105.93,3094.34,4182.54,synthetic
honda,jazz,2020,passenger door (r/r),1088.43,2451.38,4364.78,synthetic
honda,jazz,2021,front bumper,349.8,1065.98,1866.26,synthetic
honda,jazz,2021,rear bumper,399.07,1067.61,1670.11,synthetic
honda,jazz,2021,side bumper(l),258.99,599.46,988.87,synthetic
honda,jazz,2021,side bumper(r),238.07,716.0,1147.18,synthetic
honda,jazz,2021,car hood,925.78,2348.43,3515.19,synthetic
honda,jazz,2021,car boot,837.69,2854.21,4816.12,synthetic
honda,jazz,2021,fender (f/l),321.91,842.37,1349.6,synthetic
honda,jazz,2021,fender (f/r),326.91,916.76,1454.77,synthetic
honda,jazz,2021,fender (r/l),340.18,986.08,1463.91,synthetic
honda,jazz,2021,fender (r/r),377.98,950.62,1440.46,synthetic
honda,jazz,2021,headlight (l),,3382.79,4928.75,synthetic
honda,jazz,2021,headlight (r),537.54,2719.67,5724.07,synthetic
honda,jazz,2021,rear light (l),319.06,1938.66,2946.77,synthetic
honda,jazz,2021,rear light (r),236.08,1642.27,3358.89,synthetic
honda,jazz,2021,driver door(f/r),1285.18,3336.27,5615.03,synthetic
honda,jazz,2021,passenger door (f/l),1019.64,3406.44,5897.66,synthetic
honda,jazz,2021,passenger door (r/l),966.52,3116.85,4760.1,synthetic
honda,jazz,2021,passenger door (r/r),1324.8,3081.09,5475.77,synthetic
honda,jazz,2022,front bumper,497.66,1039.69,1945.7,synthetic
honda,jazz,2022,rear bumper,422.65,982.69,1721.81,synthetic
honda,jazz,2022,side bumper(l),224.07,640.21,1182.47,synthetic
honda,jazz,2022,side bumper(r),203.76,674.37,1216.17,synthetic
honda,jazz,2022,car hood,799.55,2523.82,3991.8,synthetic
honda,jazz,2022,car boot,813.74,2950.91,5053.85,synthetic
honda,jazz,2022,fender (f/l),288.29,851.94,1562.36,synthetic
honda,jazz,2022,fender (f/r),371.17,967.1,1566.83,synthetic
honda,jazz,2022,fender (r/l),,1017.32,1691.99,synthetic
honda,jazz,2022,fender (r/r),293.76,928.48,1435.37,synthetic
honda,jazz,2022,headlight (l),,3032.94,6253.1,synthetic
honda,jazz,2022,headlight (r),429.37,2693.36,5536.81,synthetic
honda,jazz,2022,rear light (l),249.12,1855.91,3261.58,synthetic
honda,jazz,2022,rear light (r),252.16,1643.12,2927.4,synthetic
honda,jazz,2022,driver door(f/r),1202.7,3941.17,5920.45,synthetic
honda,jazz,2022,passenger door (f/l),1336.85,3113.13,5698.8,synthetic
honda,jazz,2022,passenger door (r/l),1403.44,3643.41,5689.59,synthetic
honda,jazz,2022,passenger door (r/r),1102.59,2772.99,5031.01,synthetic
honda,jazz,2023,front bumper,484.67,1363.81,2288.75,synthetic
honda,jazz,2023,rear bumper,452.54,1000.43,1699.63,synthetic
honda,jazz,2023,side bumper(l),240.38,688.75,1175.28,synthetic
honda,jazz,2023,side bumper(r),263.7,730.4,1228.65,synthetic
honda,jazz,2023,car hood,835.5,2429.15,4024.51,synthetic
honda,jazz,2023,car boot,1151.56,3204.11,5096.28,synthetic
honda,jazz,2023,fender (f/l),362.33,982.91,1569.05,synthetic
honda,jazz,2023,fender (f/r),348.85,981.4,1656.46,synthetic
honda,jazz,2023,fender (r/l),423.44,911.92,1489.58,synthetic
honda,jazz,2023,fender (r/r),455.38,888.75,1639.86,synthetic
honda,jazz,2023,headlight (l),521.92,3654.35,6787.4,synthetic
honda,jazz,2023,headlight (r),494.32,3428.07,5848.64,synthetic
honda,jazz,2023,rear light (l),361.67,1940.82,3352.83,synthetic
honda,jazz,2023,rear light (r),256.21,2088.23,3458.32,synthetic
honda,jazz,2023,driver door(f/r),1383.82,4122.28,5573.18,synthetic
honda,jazz,2023,passenger door (f/l),1622.6,4266.72,5974.31,synthetic
honda,jazz,2023,passenger door (r/l),1246.16,3283.0,5164.75,synthetic
honda,jazz,2023,passenger door (r/r),1300.23,3835.44,4971.16,synthetic
honda,jazz,2024,front bumper,572.48,1475.57,2425.7,synthetic
honda,jazz,2024,rear bumper,,1159.7,2036.57,synthetic
honda,jazz,2024,side bumper(l),222.77,724.95,1170.93,synthetic
honda,jazz,2024,side bumper(r),,675.04,1422.21,synthetic
honda,jazz,2024,car hood,1012.35,2485.41,5082.57,synthetic
honda,jazz,2024,car boot,1178.33,3307.5,4565.04,synthetic
honda,jazz,2024,fender (f/l),425.92,1138.11,1728.63,synthetic
honda,jazz,2024,fender (f/r),428.26,953.86,1690.06,synthetic
honda,jazz,2024,fender (r/l),475.69,965.62,1641.46,synthetic
honda,jazz,2024,fender (r/r),,1121.0,1644.51,synthetic
honda,jazz,2024,headlight (l),612.09,4026.65,6956.6,synthetic
honda,jazz,2024,headlight (r),644.64,3419.93,6513.75,synthetic
honda,jazz,2024,rear light (l),326.02,2182.98,3723.77,synthetic
honda,jazz,2024,rear light (r),300.79,1736.86,3773.88,synthetic
honda,jazz,2024,driver door(f/r),1271.7,4161.06,6756.6,synthetic
honda,jazz,2024,passenger door (f/l),1482.12,4447.71,7153.08,synthetic
honda,jazz,2024,passenger door (r/l),1462.75,3438.6,6606.17,synthetic
honda,jazz,2024,passenger door (r/r),1222.47,3590.34,5290.36,synthetic
honda,civic,2018,front bumper,449.35,1166.6,1929.55,synthetic
honda,civic,2018,rear bumper,277.17,1057.47,1793.46,synthetic
honda,civic,2018,side bumper(l),256.43,604.8,1012.42,synthetic
honda,civic,2018,side bumper(r),220.6,727.33,1170.39,synthetic
honda,civic,2018,car hood,802.63,2479.02,3634.32,synthetic
honda,civic,2018,car boot,1105.62,2727.93,4841.44,synthetic
honda,civic,2018,fender (f/l),335.18,781.56,1315.05,synthetic
honda,civic,2018,fender (f/r),,767.49,1315.61,synthetic
honda,civic,2018,fender (r/l),368.88,904.61,1329.11,synthetic
honda,civic,2018,fender (r/r),286.79,937.38,1329.09,synthetic
honda,civic,2018,headlight (l),375.82,2723.57,5933.65,synthetic
honda,civic,2018,headlight (r),385.57,3228.71,5415.93,synthetic
honda,civic,2018,rear light (l),290.24,1781.66,3467.17,synthetic
honda,civic,2018,rear light (r),,1669.39,2757.35,synthetic
honda,civic,2018,driver door(f/r),1051.14,3481.55,5512.45,synthetic
honda,civic,2018,passenger door (f/l),1007.8,3301.81,5977.86,synthetic
honda,civic,2018,passenger door (r/l),1220.59,3318.23,5297.98,synthetic
honda,civic,2018,passenger door (r/r),1328.95,2961.49,5422.7,synthetic
honda,civic,2019,front bumper,427.51,1072.69,2151.3,synthetic
honda,civic,2019,rear bumper,328.38,1015.94,2018.79,synthetic
honda,civic,2019,side bumper(l),256.48,736.23,1164.58,synthetic
honda,civic,2019,side bumper(r),292.83,631.54,1148.86,synthetic
honda,civic,2019,car hood,836.38,2479.08,4203.97,synthetic
honda,civic,2019,car boot,,2625.89,4332.1,synthetic
honda,civic,2019,fender (f/l),369.97,900.66,1552.39,synthetic
honda,civic,2019,fender (f/r),358.81,912.55,1466.07,synthetic
honda,civic,2019,fender (r/l),388.91,977.76,1723.55,synthetic
honda,civic,2019,fender (r/r),319.75,872.42,1640.07,synthetic
honda,civic,2019,headlight (l),405.49,3551.44,5474.98,synthetic
honda,civic,2019,headlight (r),545.88,3431.22,5439.21,synthetic
honda,civic,2019,rear light (l),303.88,1645.17,3191.66,synthetic
honda,civic,2019,rear light (r),260.3,1663.28,3579.86,synthetic
honda,civic,2019,driver door(f/r),1086.6,3738.77,6528.31,synthetic
honda,civic,2019,passenger door (f/l),1134.92,3675.1,6430.4,synthetic
honda,civic,2019,passenger door (r/l),1317.03,3122.71,5410.64,synthetic
honda,civic,2019,passenger door (r/r),1345.37,3529.41,5954.66,synthetic
honda,civic,2020,front bumper,406.47,1348.72,2264.68,synthetic
honda,civic,2020,rear bumper,347.1,1101.86,1983.78,synthetic
honda,civic,2020,side bumper(l),308.59,758.13,1349.09,synthetic
honda,civic,2020,side bumper(r),299.16,725.79,1358.71,synthetic
honda,civic,2020,car hood,915.58,2465.6,4468.6,synthetic
honda,civic,2020,car boot,978.13,3484.82,4623.68,synthetic
honda,civic,2020,fender (f/l),429.24,846.47,1695.5,synthetic
honda,civic,2020,fender (f/r),,960.09,1787.22,synthetic
honda,civic,2020,fender (r/l),409.47,1052.27,1861.17,synthetic
honda,civic,2020,fender (r/r),424.28,1108.66,1777.41,synthetic
honda,civic,2020,headlight (l),609.11,2946.79,6249.33,synthetic
honda,civic,2020,headlight (r),498.44,3366.33,6118.1,synthetic
honda,civic,2020,rear light (l),385.68,1717.96,3960.4,synthetic
honda,civic,2020,rear light (r),339.66,2153.95,3475.57,synthetic
honda,civic,2020,driver door(f/r),1386.34,3720.42,6935.69,synthetic
honda,civic,2020,passenger door (f/l),1213.43,3411.24,6184.06,synthetic
honda,civic,2020,passenger door (r/l),,3171.47,5784.49,synthetic
honda,civic,2020,passenger door (r/r),1249.57,3739.81,5731.56,synthetic
honda,civic,2021,front bumper,618.69,1362.15,2054.81,synthetic
honda,civic,2021,rear bumper,492.39,1390.54,1925.42,synthetic
honda,civic,2021,side bumper(l),260.46,871.79,1477.15,synthetic
honda,civic,2021,side bumper(r),335.38,770.16,1499.23,synthetic
honda,civic,2021,car hood,1135.3,2496.86,5046.33,synthetic
honda,civic,2021,car boot,1143.0,2996.36,5647.14,synthetic
honda,civic,2021,fender (f/l),,978.85,1918.95,synthetic
honda,civic,2021,fender (f/r),338.23,975.38,1694.13,synthetic
honda,civic,2021,fender (r/l),421.38,1250.01,1918.83,synthetic
honda,civic,2021,fender (r/r),353.33,1189.81,1679.72,synthetic
honda,civic,2021,headlight (l),518.95,3560.92,6485.59,synthetic
honda,civic,2021,headlight (r),490.47,3723.72,6149.12,synthetic
honda,civic,2021,rear light (l),402.02,2053.88,3833.01,synthetic
honda,civic,2021,rear light (r),348.86,2087.19,3916.26,synthetic
honda,civic,2021,driver door(f/r),,4530.38,6622.87,synthetic
honda,civic,2021,passenger door (f/l),1713.61,3979.76,6081.8,synthetic
honda,civic,2021,passenger door (r/l),1660.68,4237.52,6825.96,synthetic
honda,civic,2021,passenger door (r/r),1154.43,3659.57,6620.6,synthetic
honda,civic,2022,front bumper,596.15,1562.33,2375.67,synthetic
honda,civic,2022,rear bumper,450.7,1336.09,2519.33,synthetic
honda,civic,2022,side bumper(l),267.42,872.96,1540.14,synthetic
honda,civic,2022,side bumper(r),342.33,923.82,1347.72,synthetic
honda,civic,2022,car hood,1184.0,2787.41,4661.35,synthetic
honda,civic,2022,car boot,1408.46,3888.53,6260.03,synthetic
honda,civic,2022,fender (f/l),433.16,1140.61,1643.06,synthetic
honda,civic,2022,fender (f/r),410.07,1175.17,1842.57,synthetic
honda,civic,2022,fender (r/l),391.03,1117.45,1784.56,synthetic
honda,civic,2022,fender (r/r),535.28,1072.35,1836.07,synthetic
honda,civic,2022,headlight (l),640.85,3483.86,7665.79,synthetic
honda,civic,2022,headlight (r),549.31,3640.94,7913.74,synthetic
honda,civic,2022,rear light (l),397.42,1950.64,4011.73,synthetic
honda,civic,2022,rear light (r),322.23,2195.5,4191.22,synthetic
honda,civic,2022,driver door(f/r),1820.74,4848.18,6857.85,synthetic
honda,civic,2022,passenger door (f/l),1377.25,4844.59,6564.2,synthetic
honda,civic,2022,passenger door (r/l),1621.52,4006.83,7188.13,synthetic
honda,civic,2022,passenger door (r/r),1403.85,4041.74,6477.98,synthetic
honda,civic,2023,front bumper,654.69,1730.84,2824.6,synthetic
honda,civic,2023,rear bumper,432.84,1525.05,2326.42,synthetic
honda,civic,2023,side bumper(l),322.37,1058.86,1602.45,synthetic
honda,civic,2023,side bumper(r),369.11,1033.72,1633.62,synthetic
honda,civic,2023,car hood,977.28,3128.37,4800.35,synthetic
honda,civic,2023,car boot,1304.63,3716.94,6767.25,synthetic
honda,civic,2023,fender (f/l),375.27,1146.55,1917.36,synthetic
honda,civic,2023,fender (f/r),485.82,1202.11,1986.79,synthetic
honda,civic,2023,fender (r/l),535.82,1129.38,2167.34,synthetic
honda,civic,2023,fender (r/r),438.19,1098.08,2055.19,synthetic
honda,civic,2023,headlight (l),586.29,4363.79,8086.22,synthetic
honda,civic,2023,headlight (r),533.68,4554.37,6701.75,synthetic
honda,civic,2023,rear light (l),,2238.88,4075.93,synthetic
honda,civic,2023,rear light (r),349.27,2108.24,4456.83,synthetic
honda,civic,2023,driver door(f/r),,4791.63,7226.87,synthetic
honda,civic,2023,passenger door (f/l),1414.67,4002.55,8030.88,synthetic
honda,civic,2023,passenger door (r/l),1820.39,4197.98,6865.67,synthetic
honda,civic,2023,passenger door (r/r),1766.18,3994.54,6313.35,synthetic
honda,civic,2024,front bumper,597.87,1668.27,2849.88,synthetic
honda,civic,2024,rear bumper,528.96,1534.12,2668.62,synthetic
honda,civic,2024,side bumper(l),348.81,1027.28,1749.77,synthetic
honda,civic,2024,side bumper(r),,1052.24,1637.62,synthetic
honda,civic,2024,car hood,1326.9,2956.63,6076.89,synthetic
honda,civic,2024,car boot,1625.86,3378.16,6572.51,synthetic
honda,civic,2024,fender (f/l),427.72,1106.63,2095.65,synthetic
honda,civic,2024,fender (f/r),386.23,1304.28,2182.51,synthetic
honda,civic,2024,fender (r/l),586.51,1305.54,2416.27,synthetic
honda,civic,2024,fender (r/r),463.6,1204.82,2145.51,synthetic
honda,civic,2024,headlight (l),709.04,4467.63,8510.71,synthetic
honda,civic,2024,headlight (r),579.42,4827.09,7662.42,synthetic
honda,civic,2024,rear light (l),349.8,2844.21,4137.65,synthetic
honda,civic,2024,rear light (r),338.03,2654.32,4973.72,synthetic
honda,civic,2024,driver door(f/r),2149.77,5065.71,8279.52,synthetic
honda,civic,2024,passenger door (f/l),1686.04,4716.47,8811.25,synthetic
honda,civic,2024,passenger door (r/l),2048.42,5076.83,6684.31,synthetic
honda,civic,2024,passenger door (r/r),1658.45,5197.74,7291.96,synthetic
chevrolet,spark,2018,front bumper,283.33,700.43,1077.61,synthetic
chevrolet,spark,2018,rear bumper,246.64,588.63,1173.07,synthetic
chevrolet,spark,2018,side bumper(l),144.55,393.64,760.43,synthetic
chevrolet,spark,2018,side bumper(r),152.86,438.97,631.3,synthetic
chevrolet,spark,2018,car hood,438.74,1368.77,2596.78,synthetic
chevrolet,spark,2018,car boot,576.9,1550.95,2899.96,synthetic
chevrolet,spark,2018,fender (f/l),219.87,610.84,907.9,synthetic
chevrolet,spark,2018,fender (f/r),171.21,524.97,876.14,synthetic
chevrolet,spark,2018,fender (r/l),257.76,650.69,866.67,synthetic
chevrolet,spark,2018,fender (r/r),207.47,548.28,976.17,synthetic
chevrolet,spark,2018,headlight (l),355.47,1987.55,3784.05,synthetic
chevrolet,spark,2018,headlight (r),265.0,1914.07,3546.27,synthetic
chevrolet,spark,2018,rear light (l),159.83,1046.94,1934.73,synthetic
chevrolet,spark,2018,rear light (r),175.96,1173.42,2120.39,synthetic
chevrolet,spark,2018,driver door(f/r),823.0,2404.33,3479.17,synthetic
chevrolet,spark,2018,passenger door (f/l),708.63,1875.33,3828.82,synthetic
chevrolet,spark,2018,passenger door (r/l),897.78,2081.29,3535.38,synthetic
chevrolet,spark,2018,passenger door (r/r),853.33,2015.97,3109.66,synthetic
chevrolet,spark,2019,front bumper,294.19,808.51,1279.24,synthetic
chevrolet,spark,2019,rear bumper,234.8,616.14,1296.93,synthetic
chevrolet,spark,2019,side bumper(l),167.76,409.32,665.89,synthetic
chevrolet,spark,2019,side bumper(r),175.26,403.81,830.19,synthetic
chevrolet,spark,2019,car hood,476.19,1465.21,2385.06,synthetic
chevrolet,spark,2019,car boot,745.21,1898.88,2797.71,synthetic
chevrolet,spark,2019,fender (f/l),213.92,674.96,913.06,synthetic
chevrolet,spark,2019,fender (f/r),,557.98,961.72,synthetic
chevrolet,spark,2019,fender (r/l),,583.15,1081.51,synthetic
chevrolet,spark,2019,fender (r/r),280.85,573.61,1120.25,synthetic
chevrolet,spark,2019,headlight (l),384.63,2038.39,3986.29,synthetic
chevrolet,spark,2019,headlight (r),283.09,2016.96,3476.77,synthetic
chevrolet,spark,2019,rear light (l),163.0,1208.71,2225.56,synthetic
chevrolet,spark,2019,rear light (r),207.01,1041.65,2188.52,synthetic
chevrolet,spark,2019,driver door(f/r),,2504.56,4208.67,synthetic
chevrolet,spark,2019,passenger door (f/l),789.74,2109.83,3336.52,synthetic
chevrolet,spark,2019,passenger door (r/l),867.92,1960.92,3463.47,synthetic
chevrolet,spark,2019,passenger door (r/r),872.78,2065.57,3350.22,synthetic
chevrolet,spark,2020,front bumper,282.84,892.91,1346.62,synthetic
chevrolet,spark,2020,rear bumper,281.39,790.98,1234.41,synthetic
chevrolet,spark,2020,side bumper(l),193.22,490.99,758.36,synthetic
chevrolet,spark,2020,side bumper(r),150.71,533.99,759.19,synthetic
chevrolet,spark,2020,car hood,568.76,1781.56,3162.5,synthetic
chevrolet,spark,2020,car boot,682.38,1685.29,3190.66,synthetic
chevrolet,spark,2020,fender (f/l),237.36,666.97,957.33,synthetic
chevrolet,spark,2020,fender (f/r),202.55,685.95,1003.68,synthetic
chevrolet,spark,2020,fender (r/l),209.05,659.84,1156.23,synthetic
chevrolet,spark,2020,fender (r/r),285.34,705.22,1125.16,synthetic
chevrolet,spark,2020,headlight (l),345.56,2268.37,4033.17,synthetic
chevrolet,spark,2020,headlight (r),,2007.14,3781.26,synthetic
chevrolet,spark,2020,rear light (l),192.18,1358.82,2483.79,synthetic
chevrolet,spark,2020,rear light (r),247.14,1265.31,2552.17,synthetic
chevrolet,spark,2020,driver door(f/r),,2183.53,3787.16,synthetic
chevrolet,spark,2020,passenger door (f/l),1008.23,2377.61,4339.31,synthetic
chevrolet,spark,2020,passenger door (r/l),981.13,2037.18,3421.01,synthetic
chevrolet,spark,2020,passenger door (r/r),838.15,2187.01,3946.88,synthetic
chevrolet,spark,2021,front bumper,326.54,1010.44,1333.29,synthetic
chevrolet,spark,2021,rear bumper,325.87,717.39,1295.67,synthetic
chevrolet,spark,2021,side bumper(l),206.56,542.17,898.07,synthetic
chevrolet,spark,2021,side bumper(r),157.58,579.68,910.83,synthetic
chevrolet,spark,2021,car hood,716.65,1971.77,2878.06,synthetic
chevrolet,spark,2021,car boot,742.23,1826.72,3850.84,synthetic
chevrolet,spark,2021,fender (f/l),267.59,683.27,988.95,synthetic
chevrolet,spark,2021,fender (f/r),282.9,686.96,1043.4,synthetic
chevrolet,spark,2021,fender (r/l),257.89,672.18,1179.89,synthetic
chevrolet,spark,2021,fender (r/r),280.98,810.26,1220.66,synthetic
chevrolet,spark,2021,headlight (l),424.77,2335.76,4723.96,synthetic
chevrolet,spark,2021,headlight (r),316.77,2607.14,4431.05,synthetic
chevrolet,spark,2021,rear light (l),262.29,1170.61,2480.58,synthetic
chevrolet,spark,2021,rear light (r),234.44,1470.65,2349.41,synthetic
chevrolet,spark,2021,driver door(f/r),1074.82,2373.62,4667.13,synthetic
chevrolet,spark,2021,passenger door (f/l),1170.38,2537.66,3931.84,synthetic
chevrolet,spark,2021,passenger door (r/l),775.92,2793.96,3528.68,synthetic
chevrolet,spark,2021,passenger door (r/r),939.34,2352.48,3554.54,synthetic
chevrolet,spark,2022,front bumper,382.2,912.59,1739.95,synthetic
chevrolet,spark,2022,rear bumper,284.56,882.64,1312.69,synthetic
chevrolet,spark,2022,side bumper(l),188.06,490.45,899.01,synthetic
chevrolet,spark,2022,side bumper(r),199.08,593.74,825.42,synthetic
chevrolet,spark,2022,car hood,744.28,1730.46,3581.54,synthetic
chevrolet,spark,2022,car boot,897.96,2150.28,3795.53,synthetic
chevrolet,spark,2022,fender (f/l),218.19,664.13,1081.89,synthetic
chevrolet,spark,2022,fender (f/r),265.52,745.33,1270.65,synthetic
chevrolet,spark,2022,fender (r/l),303.03,751.76,1246.12,synthetic
chevrolet,spark,2022,fender (r/r),330.15,709.65,1105.24,synthetic
chevrolet,spark,2022,headlight (l),,2801.52,5018.11,synthetic
chevrolet,spark,2022,headlight (r),333.65,2504.37,4741.11,synthetic
chevrolet,spark,2022,rear light (l),,1479.77,2529.01,synthetic
chevrolet,spark,2022,rear light (r),261.37,1315.68,2851.92,synthetic
chevrolet,spark,2022,driver door(f/r),1088.56,3155.53,5023.19,synthetic
chevrolet,spark,2022,passenger door (f/l),933.03,3072.26,4545.8,synthetic
chevrolet,spark,2022,passenger door (r/l),,2370.89,3743.28,synthetic
chevrolet,spark,2022,passenger door (r/r),1038.44,2733.45,4032.44,synthetic
chevrolet,spark,2023,front bumper,366.83,1091.99,1501.84,synthetic
chevrolet,spark,2023,rear bumper,273.81,1062.51,1418.59,synthetic
chevrolet,spark,2023,side bumper(l),186.77,520.18,1068.18,synthetic
chevrolet,spark,2023,side bumper(r),201.9,631.13,993.42,synthetic
chevrolet,spark,2023,car hood,648.22,2114.91,3487.71,synthetic
chevrolet,spark,2023,car boot,971.53,2141.44,3590.26,synthetic
chevrolet,spark,2023,fender (f/l),297.64,699.46,1226.95,synthetic
chevrolet,spark,2023,fender (f/r),251.62,808.89,1332.62,synthetic
chevrolet,spark,2023,fender (r/l),361.9,877.15,1316.57,synthetic
chevrolet,spark,2023,fender (r/r),331.73,841.65,1450.88,synthetic
chevrolet,spark,2023,headlight (l),,2431.64,4356.43,synthetic
chevrolet,spark,2023,headlight (r),482.17,2802.36,5088.79,synthetic
chevrolet,spark,2023,rear light (l),287.2,1516.97,3048.92,synthetic
chevrolet,spark,2023,rear light (r),295.01,1616.95,2636.82,synthetic
chevrolet,spark,2023,driver door(f/r),1134.8,2683.02,5007.3,synthetic
chevrolet,spark,2023,passenger door (f/l),919.45,3415.14,5066.39,synthetic
chevrolet,spark,2023,passenger door (r/l),1123.94,2646.37,4493.64,synthetic
chevrolet,spark,2023,passenger door (r/r),1243.31,2560.67,4883.18,synthetic
chevrolet,spark,2024,front bumper,442.65,1236.9,1732.47,synthetic
chevrolet,spark,2024,rear bumper,352.01,842.59,1786.97,synthetic
chevrolet,spark,2024,side bumper(l),218.48,641.54,948.82,synthetic
chevrolet,spark,2024,side bumper(r),,537.57,979.54,synthetic
chevrolet,spark,2024,car hood,715.05,2372.06,3965.31,synthetic
chevrolet,spark,2024,car boot,926.54,2330.79,4565.84,synthetic
chevrolet,spark,2024,fender (f/l),304.81,861.78,1467.65,synthetic
chevrolet,spark,2024,fender (f/r),280.42,866.02,1185.04,synthetic
chevrolet,spark,2024,fender (r/l),313.4,779.26,1245.07,synthetic
chevrolet,spark,2024,fender (r/r),345.74,944.32,1570.74,synthetic
chevrolet,spark,2024,headlight (l),461.65,3180.78,4766.07,synthetic
chevrolet,spark,2024,headlight (r),489.28,2465.26,5629.11,synthetic
chevrolet,spark,2024,rear light (l),216.68,1415.3,2639.7,synthetic
chevrolet,spark,2024,rear light (r),267.39,1628.86,2794.95,synthetic
chevrolet,spark,2024,driver door(f/r),1121.61,2748.18,4931.64,synthetic
chevrolet,spark,2024,passenger door (f/l),1140.53,2966.11,4721.66,synthetic
chevrolet,spark,2024,passenger door (r/l),1330.29,2773.53,4601.45,synthetic
chevrolet,spark,2024,passenger door (r/r),1206.99,2828.32,5196.26,synthetic
chevrolet,aveo,2018,front bumper,315.61,888.45,1529.97,synthetic
chevrolet,aveo,2018,rear bumper,206.45,720.82,1256.06,synthetic
chevrolet,aveo,2018,side bumper(l),186.31,536.59,849.7,synthetic
chevrolet,aveo,2018,side bumper(r),156.81,543.73,856.51,synthetic
chevrolet,aveo,2018,car hood,628.85,1520.11,3074.64,synthetic
chevrolet,aveo,2018,car boot,632.67,2046.36,3329.44,synthetic
chevrolet,aveo,2018,fender (f/l),186.8,619.9,1052.27,synthetic
chevrolet,aveo,2018,fender (f/r),269.4,637.97,1098.04,synthetic
chevrolet,aveo,2018,fender (r/l),277.9,613.17,1058.69,synthetic
chevrolet,aveo,2018,fender (r/r),204.24,717.65,1180.48,synthetic
chevrolet,aveo,2018,headlight (l),337.82,2415.27,4291.28,synthetic
chevrolet,aveo,2018,headlight (r),320.71,2302.25,4086.05,synthetic
chevrolet,aveo,2018,rear light (l),191.26,1403.91,2403.87,synthetic
chevrolet,aveo,2018,rear light (r),229.11,1419.7,2143.34,synthetic
chevrolet,aveo,2018,driver door(f/r),743.44,2599.16,3995.33,synthetic
chevrolet,aveo,2018,passenger door (f/l),1053.36,2735.28,3563.54,synthetic
chevrolet,aveo,2018,passenger door (r/l),816.9,2213.78,3973.26,synthetic
chevrolet,aveo,2018,passenger door (r/r),1015.35,2052.96,3823.72,synthetic
chevrolet,aveo,2019,front bumper,313.29,870.76,1610.16,synthetic
chevrolet,aveo,2019,rear bumper,254.56,828.07,1222.48,synthetic
chevrolet,aveo,2019,side bumper(l),185.24,462.29,941.04,synthetic
chevrolet,aveo,2019,side bumper(r),219.36,558.49,961.29,synthetic
chevrolet,aveo,2019,car hood,,2129.58,3210.91,synthetic
chevrolet,aveo,2019,car boot,811.91,2368.23,3724.3,synthetic
chevrolet,aveo,2019,fender (f/l),265.42,783.56,1007.99,synthetic
chevrolet,aveo,2019,fender (f/r),226.88,711.81,1146.67,synthetic
chevrolet,aveo,2019,fender (r/l),241.19,753.08,1074.62,synthetic
chevrolet,aveo,2019,fender (r/r),309.88,688.88,1176.52,synthetic
chevrolet,aveo,2019,headlight (l),331.93,2281.66,4458.07,synthetic
chevrolet,aveo,2019,headlight (r),432.46,2653.93,4635.61,synthetic
chevrolet,aveo,2019,rear light (l),181.07,1306.58,2270.31,synthetic
chevrolet,aveo,2019,rear light (r),237.97,1168.57,2684.66,synthetic
chevrolet,aveo,2019,driver door(f/r),966.66,2804.83,4273.36,synthetic
chevrolet,aveo,2019,passenger door (f/l),820.96,2591.35,4623.31,synthetic
chevrolet,aveo,2019,passenger door (r/l),899.27,2396.72,4167.68,synthetic
chevrolet,aveo,2019,passenger door (r/r),844.71,2408.9,4256.72,synthetic
chevrolet,aveo,2020,front bumper,315.34,1024.99,1480.45,synthetic
chevrolet,aveo,2020,rear bumper,296.9,979.81,1454.19,synthetic
chevrolet,aveo,2020,side bumper(l),178.57,630.6,860.07,synthetic
chevrolet,aveo,2020,side bumper(r),175.06,613.43,928.06,synthetic
chevrolet,aveo,2020,car hood,629.94,2212.43,3378.04,synthetic
chevrolet,aveo,2020,car boot,927.52,2541.12,3581.47,synthetic
chevrolet,aveo,2020,fender (f/l),216.09,706.59,1314.65,synthetic
chevrolet,aveo,2020,fender (f/r),242.58,690.26,1232.96,synthetic
chevrolet,aveo,2020,fender (r/l),320.1,872.85,1320.28,synthetic
chevrolet,aveo,2020,fender (r/r),344.27,725.25,1160.81,synthetic
chevrolet,aveo,2020,headlight (l),410.35,2240.91,4264.23,synthetic
chevrolet,aveo,2020,headlight (r),365.25,2613.86,5023.93,synthetic
chevrolet,aveo,2020,rear light (l),,1342.96,2966.26,synthetic
chevrolet,aveo,2020,rear light (r),276.59,1323.08,2954.41,synthetic
chevrolet,aveo,2020,driver door(f/r),1041.74,3046.31,4767.24,synthetic
chevrolet,aveo,2020,passenger door (f/l),,3066.61,4156.16,synthetic
chevrolet,aveo,2020,passenger door (r/l),983.72,2343.66,4437.17,synthetic
chevrolet,aveo,2020,passenger door (r/r),973.63,2395.69,4318.47,synthetic
chevrolet,aveo,2021,front bumper,323.11,913.14,1897.76,synthetic
chevrolet,aveo,2021,rear bumper,339.88,819.16,1421.09,synthetic
chevrolet,aveo,2021,side bumper(l),210.89,688.15,1104.77,synthetic
chevrolet,aveo,2021,side bumper(r),222.64,597.86,963.74,synthetic
chevrolet,aveo,2021,car hood,,2189.74,3335.61,synthetic
chevrolet,aveo,2021,car boot,1007.96,2288.74,3937.78,synthetic
chevrolet,aveo,2021,fender (f/l),323.64,673.16,1386.27,synthetic
chevrolet,aveo,2021,fender (f/r),329.3,838.36,1180.11,synthetic
chevrolet,aveo,2021,fender (r/l),290.21,753.68,1471.48,synthetic
chevrolet,aveo,2021,fender (r/r),300.99,751.59,1316.68,synthetic
chevrolet,aveo,2021,headlight (l),404.38,3076.47,5525.61,synthetic
chevrolet,aveo,2021,headlight (r),,3004.19,4862.54,synthetic
chevrolet,aveo,2021,rear light (l),233.46,1599.86,3056.84,synthetic
chevrolet,aveo,2021,rear light (r),216.69,1751.16,3023.91,synthetic
chevrolet,aveo,2021,driver door(f/r),1263.64,3000.46,5300.59,synthetic
chevrolet,aveo,2021,passenger door (f/l),1024.03,3276.54,4894.78,synthetic
chevrolet,aveo,2021,passenger door (r/l),1005.11,3172.67,5037.37,synthetic
chevrolet,aveo,2021,passenger door (r/r),1197.08,2759.8,5020.46,synthetic
chevrolet,aveo,2022,front bumper,466.58,1112.19,1702.6,synthetic
chevrolet,aveo,2022,rear bumper,324.0,1078.67,1711.91,synthetic
chevrolet,aveo,2022,side bumper(l),207.87,641.56,946.41,synthetic
chevrolet,aveo,2022,side bumper(r),272.32,627.13,937.88,synthetic
chevrolet,aveo,2022,car hood,805.31,2353.56,4057.19,synthetic
chevrolet,aveo,2022,car boot,1006.85,2726.13,4069.65,synthetic
chevrolet,aveo,2022,fender (f/l),260.76,823.02,1491.19,synthetic
chevrolet,aveo,2022,fender (f/r),344.84,857.51,1265.17,synthetic
chevrolet,aveo,2022,fender (r/l),334.76,861.03,1310.45,synthetic
chevrolet,aveo,2022,fender (r/r),276.89,781.14,1413.0,synthetic
chevrolet,aveo,2022,headlight (l),532.92,2776.65,5641.8,synthetic
chevrolet,aveo,2022,headlight (r),492.58,2676.64,5876.48,synthetic
chevrolet,aveo,2022,rear light (l),309.45,1587.63,2744.7,synthetic
chevrolet,aveo,2022,rear light (r),219.44,1642.36,2812.16,synthetic
chevrolet,aveo,2022,driver door(f/r),1447.28,3228.85,5717.85,synthetic
chevrolet,aveo,2022,passenger door (f/l),1212.38,3685.13,5810.25,synthetic
chevrolet,aveo,2022,passenger door (r/l),1045.71,3038.53,4535.71,synthetic
chevrolet,aveo,2022,passenger door (r/r),1131.31,3296.33,5319.3,synthetic
chevrolet,aveo,2023,front bumper,363.83,1320.71,1780.97,synthetic
chevrolet,aveo,2023,rear bumper,286.9,1030.56,1977.55,synthetic
chevrolet,aveo,2023,side bumper(l),234.13,644.66,1236.57,synthetic
chevrolet,aveo,2023,side bumper(r),216.16,598.28,1161.39,synthetic
chevrolet,aveo,2023,car hood,860.41,2076.02,3670.86,synthetic
chevrolet,aveo,2023,car boot,854.86,3030.62,4030.43,synthetic
chevrolet,aveo,2023,fender (f/l),386.21,867.72,1519.58,synthetic
chevrolet,aveo,2023,fender (f/r),336.15,945.57,1384.48,synthetic
chevrolet,aveo,2023,fender (r/l),368.85,910.52,1550.66,synthetic
chevrolet,aveo,2023,fender (r/r),306.81,914.37,1472.03,synthetic
chevrolet,aveo,2023,headlight (l),533.45,3042.98,6230.48,synthetic
chevrolet,aveo,2023,headlight (r),466.71,3322.34,5697.24,synthetic
chevrolet,aveo,2023,rear light (l),238.02,1701.52,3042.82,synthetic
chevrolet,aveo,2023,rear light (r),267.58,1957.33,3356.19,synthetic
chevrolet,aveo,2023,driver door(f/r),1310.43,3815.13,6153.47,synthetic
chevrolet,aveo,2023,passenger door (f/l),1205.35,3290.39,5015.66,synthetic
chevrolet,aveo,2023,passenger door (r/l),1378.88,3066.78,5448.8,synthetic
chevrolet,aveo,2023,passenger door (r/r),1147.44,2837.35,5410.82,synthetic
chevrolet,aveo,2024,front bumper,,1077.31,1903.3,synthetic
chevrolet,aveo,2024,rear bumper,384.98,1209.75,1697.22,synthetic
chevrolet,aveo,2024,side bumper(l),260.97,764.57,1326.19,synthetic
chevrolet,aveo,2024,side bumper(r),296.27,642.21,1160.79,synthetic
chevrolet,aveo,2024,car hood,989.29,2557.88,4351.1,synthetic
chevrolet,aveo,2024,car boot,1157.13,2564.86,5120.24,synthetic
chevrolet,aveo,2024,fender (f/l),333.68,914.73,1535.19,synthetic
chevrolet,aveo,2024,fender (f/r),346.96,1063.37,1414.26,synthetic
chevrolet,aveo,2024,fender (r/l),421.21,1049.18,1658.39,synthetic
chevrolet,aveo,2024,fender (r/r),428.5,1091.75,1470.33,synthetic
chevrolet,aveo,2024,headlight (l),493.05,2994.85,6485.65,synthetic
chevrolet,aveo,2024,headlight (r),573.58,3004.27,5247.78,synthetic
chevrolet,aveo,2024,rear light (l),257.37,1996.75,3221.06,synthetic
chevrolet,aveo,2024,rear light (r),255.75,1736.44,3633.97,synthetic
chevrolet,aveo,2024,driver door(f/r),1441.75,4117.55,6214.11,synthetic
chevrolet,aveo,2024,passenger door (f/l),1148.63,3385.66,6521.06,synthetic
chevrolet,aveo,2024,passenger door (r/l),,3526.6,5334.25,synthetic
chevrolet,aveo,2024,passenger door (r/r),1421.74,3541.67,5410.85,synthetic
mitsubishi,mirage,2018,front bumper,274.73,729.06,1372.73,synthetic
mitsubishi,mirage,2018,rear bumper,232.38,616.23,1076.02,synthetic
mitsubishi,mirage,2018,side bumper(l),150.26,491.3,814.37,synthetic
mitsubishi,mirage,2018,side bumper(r),149.79,484.9,708.79,synthetic
mitsubishi,mirage,2018,car hood,427.01,1521.0,2879.24,synthetic
mitsubishi,mirage,2018,car boot,556.04,2036.59,2604.84,synthetic
mitsubishi,mirage,2018,fender (f/l),195.0,497.37,1039.76,synthetic
mitsubishi,mirage,2018,fender (f/r),,538.35,846.39,synthetic
mitsubishi,mirage,2018,fender (r/l),195.48,535.26,1059.88,synthetic
mitsubishi,mirage,2018,fender (r/r),216.48,599.21,1100.19,synthetic
mitsubishi,mirage,2018,headlight (l),342.18,2225.23,3515.93,synthetic
mitsubishi,mirage,2018,headlight (r),329.33,2068.99,3658.86,synthetic
mitsubishi,mirage,2018,rear light (l),225.76,1254.76,2067.23,synthetic
mitsubishi,mirage,2018,rear light (r),171.58,1007.22,2025.63,synthetic
mitsubishi,mirage,2018,driver door(f/r),677.56,2470.69,3550.81,synthetic
mitsubishi,mirage,2018,passenger door (f/l),696.85,2037.39,4018.71,synthetic
mitsubishi,mirage,2018,passenger door (r/l),929.34,2384.03,3256.67,synthetic
mitsubishi,mirage,2018,passenger door (r/r),900.38,2383.95,3464.54,synthetic
mitsubishi,mirage,2019,front bumper,353.3,802.74,1385.06,synthetic
mitsubishi,mirage,2019,rear bumper,268.25,640.93,1198.51,synthetic
mitsubishi,mirage,2019,side bumper(l),151.93,540.58,705.57,synthetic
mitsubishi,mirage,2019,side bumper(r),157.14,498.85,800.3,synthetic
mitsubishi,mirage,2019,car hood,490.85,1566.69,2836.72,synthetic
mitsubishi,mirage,2019,car boot,802.22,1906.9,2838.98,synthetic
mitsubishi,mirage,2019,fender (f/l),211.27,652.42,966.61,synthetic
mitsubishi,mirage,2019,fender (f/r),251.49,703.78,962.09,synthetic
mitsubishi,mirage,2019,fender (r/l),245.91,748.41,1181.08,synthetic
mitsubishi,mirage,2019,fender (r/r),212.75,662.5,975.59,synthetic
mitsubishi,mirage,2019,headlight (l),292.35,2242.53,4397.17,synthetic
mitsubishi,mirage,2019,headlight (r),323.22,2218.6,4308.37,synthetic
mitsubishi,mirage,2019,rear light (l),219.6,1202.26,2108.05,synthetic
mitsubishi,mirage,2019,rear light (r),169.5,1308.52,2133.41,synthetic
mitsubishi,mirage,2019,driver door(f/r),769.7,2704.82,3962.76,synthetic
mitsubishi,mirage,2019,passenger door (f/l),932.4,2372.63,3676.12,synthetic
mitsubishi,mirage,2019,passenger door (r/l),723.62,1973.49,3811.82,synthetic
mitsubishi,mirage,2019,passenger door (r/r),784.76,2223.01,3584.69,synthetic
mitsubishi,mirage,2020,front bumper,357.88,940.36,1536.69,synthetic
mitsubishi,mirage,2020,rear bumper,248.92,788.93,1277.89,synthetic
mitsubishi,mirage,2020,side bumper(l),,465.57,751.43,synthetic
mitsubishi,mirage,2020,side bumper(r),164.0,457.75,859.42,synthetic
mitsubishi,mirage,2020,car hood,666.67,1671.13,2971.41,synthetic
mitsubishi,mirage,2020,car boot,821.48,2281.26,3745.75,synthetic
mitsubishi,mirage,2020,fender (f/l),262.53,591.88,1113.38,synthetic
mitsubishi,mirage,2020,fender (f/r),,696.84,1032.27,synthetic
mitsubishi,mirage,2020,fender (r/l),215.46,610.39,1020.57,synthetic
mitsubishi,mirage,2020,fender (r/r),240.04,652.94,1292.29,synthetic
mitsubishi,mirage,2020,headlight (l),310.94,2345.83,4629.23,synthetic
mitsubishi,mirage,2020,headlight (r),335.6,2356.98,4482.82,synthetic
mitsubishi,mirage,2020,rear light (l),233.84,1475.31,2652.38,synthetic
mitsubishi,mirage,2020,rear light (r),,1384.01,2622.04,synthetic
mitsubishi,mirage,2020,driver door(f/r),1166.16,2369.58,4232.56,synthetic
mitsubishi,mirage,2020,passenger door (f/l),867.23,2600.47,3887.09,synthetic
mitsubishi,mirage,2020,passenger door (r/l),795.53,2307.13,3779.24,synthetic
mitsubishi,mirage,2020,passenger door (r/r),,2127.55,4108.98,synthetic
mitsubishi,mirage,2021,front bumper,296.05,849.4,1736.95,synthetic
mitsubishi,mirage,2021,rear bumper,251.37,772.1,1343.01,synthetic
mitsubishi,mirage,2021,side bumper(l),200.75,507.13,967.53,synthetic
mitsubishi,mirage,2021,side bumper(r),228.28,579.37,897.48,synthetic
mitsubishi,mirage,2021,car hood,733.78,1830.24,3129.79,synthetic
mitsubishi,mirage,2021,car boot,676.44,1909.38,3605.4,synthetic
mitsubishi,mirage,2021,fender (f/l),288.7,806.23,1181.14,synthetic
mitsubishi,mirage,2021,fender (f/r),269.64,775.91,1057.43,synthetic
mitsubishi,mirage,2021,fender (r/l),230.56,783.07,1351.7,synthetic
mitsubishi,mirage,2021,fender (r/r),341.67,661.82,1356.53,synthetic
mitsubishi,mirage,2021,headlight (l),361.58,2825.22,4325.07,synthetic
mitsubishi,mirage,2021,headlight (r),450.09,2665.02,4626.42,synthetic
mitsubishi,mirage,2021,rear light (l),237.36,1358.21,2786.62,synthetic
mitsubishi,mirage,2021,rear light (r),272.85,1212.62,2797.18,synthetic
mitsubishi,mirage,2021,driver door(f/r),,2488.74,4099.05,synthetic
mitsubishi,mirage,2021,passenger door (f/l),1095.24,2908.2,5089.53,synthetic
mitsubishi,mirage,2021,passenger door (r/l),910.84,2667.44,4491.99,synthetic
mitsubishi,mirage,2021,passenger door (r/r),1094.9,2514.88,4301.31,synthetic
mitsubishi,mirage,2022,front bumper,,938.47,1531.36,synthetic
mitsubishi,mirage,2022,rear bumper,331.54,808.03,1430.87,synthetic
mitsubishi,mirage,2022,side bumper(l),,571.02,1010.87,synthetic
mitsubishi,mirage,2022,side bumper(r),176.63,588.91,932.24,synthetic
mitsubishi,mirage,2022,car hood,572.98,2325.81,3624.52,synthetic
mitsubishi,mirage,2022,car boot,686.92,2691.87,4049.54,synthetic
mitsubishi,mirage,2022,fender (f/l),299.57,820.92,1331.21,synthetic
mitsubishi,mirage,2022,fender (f/r),269.43,650.48,1375.1,synthetic
mitsubishi,mirage,2022,fender (r/l),268.71,912.88,1447.82,synthetic
mitsubishi,mirage,2022,fender (r/r),350.54,931.89,1236.02,synthetic
mitsubishi,mirage,2022,headlight (l),469.53,2420.84,4383.48,synthetic
mitsubishi,mirage,2022,headlight (r),,2926.41,4273.68,synthetic
mitsubishi,mirage,2022,rear light (l),246.07,1392.32,2898.3,synthetic
mitsubishi,mirage,2022,rear light (r),207.32,1357.84,2697.52,synthetic
mitsubishi,mirage,2022,driver door(f/r),1238.41,2904.87,4377.66,synthetic
mitsubishi,mirage,2022,passenger door (f/l),927.33,2648.18,4547.84,synthetic
mitsubishi,mirage,2022,passenger door (r/l),1216.05,3005.27,4258.58,synthetic
mitsubishi,mirage,2022,passenger door (r/r),1059.94,2919.54,4960.37,synthetic
mitsubishi,mirage,2023,front bumper,337.4,1151.23,1904.65,synthetic
mitsubishi,mirage,2023,rear bumper,346.49,1102.35,1621.27,synthetic
mitsubishi,mirage,2023,side bumper(l),261.76,689.82,982.02,synthetic
mitsubishi,mirage,2023,side bumper(r),224.74,615.94,1122.29,synthetic
mitsubishi,mirage,2023,car hood,663.78,2371.57,3317.78,synthetic
mitsubishi,mirage,2023,car boot,842.19,2590.91,3778.29,synthetic
mitsubishi,mirage,2023,fender (f/l),287.83,909.65,1312.8,synthetic
mitsubishi,mirage,2023,fender (f/r),251.88,688.13,1333.21,synthetic
mitsubishi,mirage,2023,fender (r/l),309.39,882.98,1321.32,synthetic
mitsubishi,mirage,2023,fender (r/r),358.94,975.22,1262.58,synthetic
mitsubishi,mirage,2023,headlight (l),,2405.71,5734.78,synthetic
mitsubishi,mirage,2023,headlight (r),506.92,2631.56,5686.57,synthetic
mitsubishi,mirage,2023,rear light (l),280.93,1400.43,2758.19,synthetic
mitsubishi,mirage,2023,rear light (r),267.64,1808.02,2889.73,synthetic
mitsubishi,mirage,2023,driver door(f/r),1151.99,3614.9,5712.8,synthetic
mitsubishi,mirage,2023,passenger door (f/l),1357.54,3490.09,4787.75,synthetic
mitsubishi,mirage,2023,passenger door (r/l),,3196.52,4336.58,synthetic
mitsubishi,mirage,2023,passenger door (r/r),1058.5,2970.25,5104.69,synthetic
mitsubishi,mirage,2024,front bumper,424.59,998.32,1976.29,synthetic
mitsubishi,mirage,2024,rear bumper,334.75,966.95,1710.38,synthetic
mitsubishi,mirage,2024,side bumper(l),257.06,669.15,1186.18,synthetic
mitsubishi,mirage,2024,side bumper(r),208.7,730.01,1102.74,synthetic
mitsubishi,mirage,2024,car hood,815.39,2231.5,4206.12,synthetic
mitsubishi,mirage,2024,car boot,1016.85,2321.25,4242.62,synthetic
mitsubishi,mirage,2024,fender (f/l),349.15,767.51,1324.0,synthetic
mitsubishi,mirage,2024,fender (f/r),329.49,920.6,1482.36,synthetic
mitsubishi,mirage,2024,fender (r/l),384.39,891.93,1343.04,synthetic
mitsubishi,mirage,2024,fender (r/r),403.73,989.0,1504.18,synthetic
mitsubishi,mirage,2024,headlight (l),546.49,2889.13,5218.91,synthetic
mitsubishi,mirage,2024,headlight (r),533.97,2795.86,5391.72,synthetic
mitsubishi,mirage,2024,rear light (l),240.46,1926.5,3036.62,synthetic
mitsubishi,mirage,2024,rear light (r),244.96,1718.19,2752.91,synthetic
mitsubishi,mirage,2024,driver door(f/r),1283.44,3466.98,4853.83,synthetic
mitsubishi,mirage,2024,passenger door (f/l),1031.52,3129.52,5605.35,synthetic
mitsubishi,mirage,2024,passenger door (r/l),1217.78,3114.5,4701.92,synthetic
mitsubishi,mirage,2024,passenger door (r/r),996.3,3390.56,5111.81,synthetic
mitsubishi,outlander,2018,front bumper,414.54,1398.78,2158.84,synthetic
mitsubishi,outlander,2018,rear bumper,360.07,1041.88,2085.18,synthetic
mitsubishi,outlander,2018,side bumper(l),234.78,797.83,1263.95,synthetic
mitsubishi,outlander,2018,side bumper(r),247.51,654.43,1078.92,synthetic
mitsubishi,outlander,2018,car hood,,2794.85,4755.52,synthetic
mitsubishi,outlander,2018,car boot,1009.0,3151.89,5090.1,synthetic
mitsubishi,outlander,2018,fender (f/l),319.46,922.06,1564.87,synthetic
mitsubishi,outlander,2018,fender (f/r),316.55,1053.69,1445.31,synthetic
mitsubishi,outlander,2018,fender (r/l),399.47,983.61,1658.95,synthetic
mitsubishi,outlander,2018,fender (r/r),340.22,879.2,1465.41,synthetic
mitsubishi,outlander,2018,headlight (l),563.62,3334.62,5382.49,synthetic
mitsubishi,outlander,2018,headlight (r),530.68,3676.57,6193.02,synthetic
mitsubishi,outlander,2018,rear light (l),,1935.55,3015.06,synthetic
mitsubishi,outlander,2018,rear light (r),260.64,1714.95,3342.51,synthetic
mitsubishi,outlander,2018,driver door(f/r),1163.09,3845.12,6087.29,synthetic
mitsubishi,outlander,2018,passenger door (f/l),1095.43,3191.89,5795.34,synthetic
mitsubishi,outlander,2018,passenger door (r/l),1212.18,3486.61,5501.67,synthetic
mitsubishi,outlander,2018,passenger door (r/r),1195.35,3472.36,5911.13,synthetic
mitsubishi,outlander,2019,front bumper,525.06,1302.51,2131.84,synthetic
mitsubishi,outlander,2019,rear bumper,329.48,1389.16,2099.27,synthetic
mitsubishi,outlander,2019,side bumper(l),224.51,805.0,1280.5,synthetic
mitsubishi,outlander,2019,side bumper(r),250.94,871.67,1300.62,synthetic
mitsubishi,outlander,2019,car hood,761.09,2930.91,4813.46,synthetic
mitsubishi,outlander,2019,car boot,1106.12,3059.2,5255.88,synthetic
mitsubishi,outlander,2019,fender (f/l),432.01,1036.7,1577.52,synthetic
mitsubishi,outlander,2019,fender (f/r),412.1,907.29,1570.24,synthetic
mitsubishi,outlander,2019,fender (r/l),374.11,1168.31,1589.5,synthetic
mitsubishi,outlander,2019,fender (r/r),334.18,917.01,1910.9,synthetic
mitsubishi,outlander,2019,headlight (l),518.15,3208.55,6606.27,synthetic
mitsubishi,outlander,2019,headlight (r),659.11,3994.1,6634.24,synthetic
mitsubishi,outlander,2019,rear light (l),329.31,2110.8,3320.88,synthetic
mitsubishi,outlander,2019,rear light (r),274.33,1745.1,3403.95,synthetic
mitsubishi,outlander,2019,driver door(f/r),1636.11,3930.22,6172.27,synthetic
mitsubishi,outlander,2019,passenger door (f/l),1498.35,3676.53,6603.26,synthetic
mitsubishi,outlander,2019,passenger door (r/l),1162.91,3312.94,5837.26,synthetic
mitsubishi,outlander,2019,passenger door (r/r),1526.71,4059.31,5640.73,synthetic
mitsubishi,outlander,2020,front bumper,464.44,1263.58,2568.36,synthetic
mitsubishi,outlander,2020,rear bumper,362.79,1150.58,1926.17,synthetic
mitsubishi,outlander,2020,side bumper(l),261.42,956.29,1436.01,synthetic
mitsubishi,outlander,2020,side bumper(r),328.47,846.92,1478.96,synthetic
mitsubishi,outlander,2020,car hood,912.86,3012.23,4969.65,synthetic
mitsubishi,outlander,2020,car boot,1411.19,3262.93,5870.64,synthetic
mitsubishi,outlander,2020,fender (f/l),438.07,1042.76,1578.6,synthetic
mitsubishi,outlander,2020,fender (f/r),,960.71,1955.42,synthetic
mitsubishi,outlander,2020,fender (r/l),508.46,1225.31,1796.84,synthetic
mitsubishi,outlander,2020,fender (r/r),475.63,1188.74,1950.57,synthetic
mitsubishi,outlander,2020,headlight (l),588.72,4297.43,6428.12,synthetic
mitsubishi,outlander,2020,headlight (r),542.34,4044.8,7339.33,synthetic
mitsubishi,outlander,2020,rear light (l),295.52,1834.43,3875.33,synthetic
mitsubishi,outlander,2020,rear light (r),424.3,2130.01,3713.44,synthetic
mitsubishi,outlander,2020,driver door(f/r),1571.96,4365.95,6232.23,synthetic
mitsubishi,outlander,2020,passenger door (f/l),1857.92,4353.65,6644.42,synthetic
mitsubishi,outlander,2020,passenger door (r/l),1721.8,3630.63,6318.15,synthetic
mitsubishi,outlander,2020,passenger door (r/r),1285.19,4151.36,6483.78,synthetic
mitsubishi,outlander,2021,front bumper,555.11,1472.82,2641.43,synthetic
mitsubishi,outlander,2021,rear bumper,448.86,1261.13,2045.17,synthetic
mitsubishi,outlander,2021,side bumper(l),307.56,1022.05,1348.22,synthetic
mitsubishi,outlander,2021,side bumper(r),278.38,973.86,1576.07,synthetic
mitsubishi,outlander,2021,car hood,1227.73,2872.33,5412.89,synthetic
mitsubishi,outlander,2021,car boot,1458.26,4074.44,5679.43,synthetic
mitsubishi,outlander,2021,fender (f/l),369.04,1159.57,2030.72,synthetic
mitsubishi,outlander,2021,fender (f/r),448.54,1098.04,1824.89,synthetic
mitsubishi,outlander,2021,fender (r/l),457.64,1348.62,1837.23,synthetic
mitsubishi,outlander,2021,fender (r/r),382.92,1119.99,2077.65,synthetic
mitsubishi,outlander,2021,headlight (l),569.84,3797.56,7443.73,synthetic
mitsubishi,outlander,2021,headlight (r),711.11,4333.99,6749.91,synthetic
mitsubishi,outlander,2021,rear light (l),,2185.59,4350.68,synthetic
mitsubishi,outlander,2021,rear light (r),395.94,2058.29,4550.5,synthetic
mitsubishi,outlander,2021,driver door(f/r),1539.04,4995.69,6581.43,synthetic
mitsubishi,outlander,2021,passenger door (f/l),1598.71,4239.6,8107.1,synthetic
mitsubishi,outlander,2021,passenger door (r/l),1305.23,4431.44,6789.8,synthetic
mitsubishi,outlander,2021,passenger door (r/r),1462.71,4255.93,6746.82,synthetic
mitsubishi,outlander,2022,front bumper,617.29,1513.91,2858.06,synthetic
mitsubishi,outlander,2022,rear bumper,584.22,1374.76,2576.66,synthetic
mitsubishi,outlander,2022,side bumper(l),358.61,1059.92,1694.26,synthetic
mitsubishi,outlander,2022,side bumper(r),350.08,855.35,1584.19,synthetic
mitsubishi,outlander,2022,car hood,1231.39,3394.33,5490.48,synthetic
mitsubishi,outlander,2022,car boot,1614.98,3324.65,5594.9,synthetic
mitsubishi,outlander,2022,fender (f/l),533.37,1411.64,2094.69,synthetic
mitsubishi,outlander,2022,fender (f/r),397.45,1408.98,1846.46,synthetic
mitsubishi,outlander,2022,fender (r/l),417.1,1341.54,2275.56,synthetic
mitsubishi,outlander,2022,fender (r/r),588.05,1286.91,1952.96,synthetic
mitsubishi,outlander,2022,headlight (l),721.41,4688.54,7776.28,synthetic
mitsubishi,outlander,2022,headlight (r),,4450.24,8770.04,synthetic
mitsubishi,outlander,2022,rear light (l),466.37,2491.66,4220.98,synthetic
mitsubishi,outlander,2022,rear light (r),401.23,2322.46,4144.93,synthetic
mitsubishi,outlander,2022,driver door(f/r),2034.21,4990.19,8632.95,synthetic
mitsubishi,outlander,2022,passenger door (f/l),1523.15,4109.72,7868.82,synthetic
mitsubishi,outlander,2022,passenger door (r/l),1814.25,4177.15,7830.28,synthetic
mitsubishi,outlander,2022,passenger door (r/r),1356.78,4853.19,6837.03,synthetic
mitsubishi,outlander,2023,front bumper,593.45,1744.6,2804.5,synthetic
mitsubishi,outlander,2023,rear bumper,454.95,1694.37,2925.95,synthetic
mitsubishi,outlander,2023,side bumper(l),327.86,934.06,1553.11,synthetic
mitsubishi,outlander,2023,side bumper(r),364.33,1043.48,1748.17,synthetic
mitsubishi,outlander,2023,car hood,1091.15,3388.26,6209.2,synthetic
mitsubishi,outlander,2023,car boot,1263.85,3893.47,6299.48,synthetic
mitsubishi,outlander,2023,fender (f/l),,1447.67,1997.93,synthetic
mitsubishi,outlander,2023,fender (f/r),,1195.72,2087.22,synthetic
mitsubishi,outlander,2023,fender (r/l),466.27,1514.64,2426.18,synthetic
mitsubishi,outlander,2023,fender (r/r),489.23,1239.53,2029.93,synthetic
mitsubishi,outlander,2023,headlight (l),758.44,4579.11,8860.78,synthetic
mitsubishi,outlander,2023,headlight (r),801.6,3866.14,7703.87,synthetic
mitsubishi,outlander,2023,rear light (l),407.11,2969.7,4948.96,synthetic
mitsubishi,outlander,2023,rear light (r),377.24,2877.45,4555.91,synthetic
mitsubishi,outlander,2023,driver door(f/r),1643.3,5142.08,8915.45,synthetic
mitsubishi,outlander,2023,passenger door (f/l),1879.69,5863.6,8180.68,synthetic
mitsubishi,outlander,2023,passenger door (r/l),1466.94,5183.07,7886.83,synthetic
mitsubishi,outlander,2023,passenger door (r/r),,4829.77,6725.22,synthetic
mitsubishi,outlander,2024,front bumper,737.2,1688.14,2795.94,synthetic
mitsubishi,outlander,2024,rear bumper,454.7,1567.6,2534.74,synthetic
mitsubishi,outlander,2024,side bumper(l),401.82,1140.24,1657.74,synthetic
mitsubishi,outlander,2024,side bumper(r),313.8,1045.61,1949.65,synthetic
mitsubishi,outlander,2024,car hood,1135.59,3322.13,6449.37,synthetic
mitsubishi,outlander,2024,car boot,1595.91,4740.59,7021.85,synthetic
mitsubishi,outlander,2024,fender (f/l),460.81,1451.23,2325.88,synthetic
mitsubishi,outlander,2024,fender (f/r),540.03,1440.84,2471.63,synthetic
mitsubishi,outlander,2024,fender (r/l),615.2,1360.9,2492.41,synthetic
mitsubishi,outlander,2024,fender (r/r),,1595.1,2519.15,synthetic
mitsubishi,outlander,2024,headlight (l),779.41,4250.05,9793.65,synthetic
mitsubishi,outlander,2024,headlight (r),636.97,4237.95,9005.66,synthetic
mitsubishi,outlander,2024,rear light (l),368.63,2776.7,4896.55,synthetic
mitsubishi,outlander,2024,rear light (r),507.57,3083.94,5341.88,synthetic
mitsubishi,outlander,2024,driver door(f/r),1784.54,5025.72,8189.99,synthetic
mitsubishi,outlander,2024,passenger door (f/l),2373.43,5761.29,9612.21,synthetic
mitsubishi,outlander,2024,passenger door (r/l),,4858.43,7230.6,synthetic
mitsubishi,outlander,2024,passenger door (r/r),2034.54,4877.31,8152.09,synthetic
